,Atom Type,Atom Number,Positional Label,Amino Acid,Chain,Residue Number,X-Coord,Y-Coord,Z-Coord,Occupancy,B-Factor,Element
0, ATOM,5329,CA,PHE,A,347,220.358,195.237,209.98,1.0,61.07,C
1,ATOM,5349,CA,SER,A,348,219.421,196.797,213.21900000000002,1.0,60.5,C
2,ATOM,5360,CA,ALA,A,349,217.512,196.472,216.429,1.0,55.22,C
3,ATOM,5370,CA,ARG,A,350,216.049,198.50099999999998,219.21099999999998,1.0,52.3,C
4,ATOM,5394,CA,THR,A,351,214.959,197.87099999999998,222.763,1.0,49.23,C
5,ATOM,5408,CA,VAL,A,352,215.171,198.78799999999998,226.433,1.0,45.01,C
6,ATOM,5424,CA,ILE,A,353,218.31,198.487,228.50900000000001,1.0,46.93,C
7,ATOM,5443,CA,SER,A,354,219.176,197.201,231.912,1.0,52.68,C
8,ATOM,5454,CA,GLY,A,355,222.449,196.56599999999997,233.665,1.0,52.99,C
9,ATOM,5461,CA,ASP,A,356,224.52900000000002,193.53400000000002,234.255,1.0,52.66,C
10,ATOM,5473,CA,PRO,A,357,227.13299999999998,193.327,237.02900000000002,1.0,52.21,C
11,ATOM,5487,CA,ASN,A,358,228.46099999999998,190.13,235.5,1.0,53.6,C
12,ATOM,5501,CA,LEU,A,359,228.995,191.41099999999997,231.97099999999998,1.0,51.81,C
13,ATOM,5520,CA,GLU,A,360,232.32299999999998,192.80700000000002,230.765,1.0,53.84,C
14,ATOM,5535,CA,LEU,A,361,232.62,196.36700000000002,229.453,1.0,49.21,C
15,ATOM,5554,CA,ASP,A,362,233.317,195.34,225.96200000000002,1.0,54.71,C
16,ATOM,5566,CA,GLN,A,363,230.253,193.079,225.861,1.0,55.78,C
17,ATOM,5583,CA,VAL,A,364,226.565,193.625,225.34799999999998,1.0,49.81,C
18,ATOM,5599,CA,GLY,A,365,223.75,191.294,226.248,1.0,55.17,C
19,ATOM,5606,CA,VAL,A,366,221.607,190.702,223.24599999999998,1.0,50.73,C
20,ATOM,5622,CA,PRO,A,367,218.12599999999998,189.19,223.60299999999998,1.0,45.64,C
21,ATOM,5636,CA,LYS,A,368,218.12400000000002,185.81900000000002,221.952,1.0,57.99,C
22,ATOM,5658,CA,SER,A,369,214.988,186.87599999999998,220.111,1.0,63.08,C
23,ATOM,5669,CA,ILE,A,370,217.00799999999998,189.57,218.373,1.0,60.34,C
24,ATOM,5688,CA,ALA,A,371,220.06599999999997,187.412,217.868,1.0,67.87,C
25,ATOM,5698,CA,LYS,A,372,217.851,184.965,215.958,1.0,80.69,C
26,ATOM,5720,CA,THR,A,373,216.324,187.81900000000002,213.979,1.0,75.64,C
27,ATOM,5734,CA,LEU,A,374,219.294,189.672,212.671,1.0,69.62,C
28,ATOM,5753,CA,THR,A,375,221.69400000000002,187.877,210.459,1.0,88.63,C
29,ATOM,5767,CA,TYR,A,376,225.114,188.049,208.96599999999998,1.0,97.35,C
30,ATOM,5788,CA,PRO,A,377,226.222,186.831,205.442,1.0,12.93,C
31,ATOM,5802,CA,GLU,A,378,229.40099999999998,185.035,206.426,1.0,26.32,C
32,ATOM,5817,CA,VAL,A,379,231.585,183.957,203.493,1.0,39.94,C
33,ATOM,5833,CA,VAL,A,380,232.171,180.22099999999998,203.05,1.0,52.92,C
34,ATOM,5849,CA,THR,A,381,235.86700000000002,179.328,203.172,1.0,57.9,C
35,ATOM,5863,CA,PRO,A,382,237.903,176.175,204.012,1.0,52.59,C
36,ATOM,5877,CA,TYR,A,383,238.205,177.375,207.581,1.0,52.07,C
37,ATOM,5898,CA,ASN,A,384,234.58,177.93599999999998,208.44400000000002,1.0,57.1,C
38,ATOM,5912,CA,ILE,A,385,232.514,175.80200000000002,206.05200000000002,1.0,58.97,C
39,ATOM,5931,CA,ASP,A,386,232.136,173.093,208.688,1.0,62.16,C
40,ATOM,5943,CA,ARG,A,387,230.67,175.482,211.218,1.0,50.53,C
41,ATOM,5967,CA,LEU,A,388,228.639,177.169,208.544,1.0,47.62,C
42,ATOM,5986,CA,THR,A,389,227.355,173.80200000000002,207.416,1.0,48.04,C
43,ATOM,6000,CA,GLN,A,390,226.11900000000003,173.09400000000002,210.893,1.0,39.56,C
44,ATOM,6017,CA,LEU,A,391,224.426,176.47400000000002,211.08700000000002,1.0,29.65,C
45,ATOM,6036,CA,VAL,A,392,222.666,175.673,207.834,1.0,35.83,C
46,ATOM,6052,CA,ARG,A,393,221.794,172.192,209.08,1.0,48.84,C
47,ATOM,6076,CA,ASN,A,394,220.168,173.74200000000002,212.13400000000001,1.0,39.76,C
48,ATOM,6090,CA,GLY,A,395,217.898,175.908,209.98,1.0,35.33,C
49,ATOM,6097,CA,PRO,A,396,216.861,179.19099999999997,211.53599999999997,1.0,21.16,C
50,ATOM,6111,CA,ASN,A,397,215.271,177.428,214.459,1.0,23.87,C
51,ATOM,6125,CA,GLU,A,398,217.80900000000003,178.26,217.15400000000002,1.0,5.71,C
52,ATOM,6140,CA,HIS,A,399,220.40200000000002,180.76,218.28599999999997,1.0,95.89,C
53,ATOM,6157,CA,PRO,A,400,223.226,178.858,216.46900000000002,1.0,3.57,C
54,ATOM,6171,CA,GLY,A,401,221.225,178.86599999999999,213.233,1.0,15.9,C
55,ATOM,6178,CA,ALA,A,402,221.00099999999998,180.546,209.84,1.0,15.97,C
56,ATOM,6188,CA,LYS,A,403,218.35299999999998,181.89,207.51,1.0,26.29,C
57,ATOM,6210,CA,TYR,A,404,219.83900000000003,182.114,204.05200000000002,1.0,34.7,C
58,ATOM,6231,CA,VAL,A,405,222.235,180.237,201.86,1.0,40.53,C
59,ATOM,6247,CA,ILE,A,406,223.791,182.418,199.22099999999998,1.0,52.88,C
60,ATOM,6266,CA,ARG,A,407,225.255,180.981,196.07299999999998,1.0,72.05,C
61,ATOM,6290,CA,ASP,A,408,227.905,182.87900000000002,194.109,1.0,92.18,C
62,ATOM,6302,CA,SER,A,409,225.144,183.801,191.627,1.0,96.73,C
63,ATOM,6313,CA,GLY,A,410,223.113,185.554,194.342,1.0,96.2,C
64,ATOM,6320,CA,ASP,A,411,220.74200000000002,182.66299999999998,194.935,1.0,80.99,C
65,ATOM,6332,CA,ARG,A,412,219.50599999999997,183.41400000000002,198.438,1.0,60.04,C
66,ATOM,6356,CA,ILE,A,413,217.954,180.172,199.571,1.0,57.7,C
67,ATOM,6375,CA,ASP,A,414,215.447,180.72799999999998,202.3,1.0,64.08,C
68,ATOM,6387,CA,LEU,A,415,215.905,177.96,204.80700000000002,1.0,60.46,C
69,ATOM,6406,CA,ARG,A,416,212.61900000000003,178.833,206.521,1.0,76.14,C
70,ATOM,6430,CA,TYR,A,417,210.683,177.482,203.609,1.0,88.27,C
71,ATOM,6451,CA,SER,A,418,212.614,174.37,202.83900000000003,1.0,98.25,C
72,ATOM,6462,CA,LYS,A,419,213.709,170.905,203.898,1.0,16.59,C
73,ATOM,6484,CA,ARG,A,420,216.976,171.642,202.05900000000003,1.0,10.77,C
74,ATOM,6508,CA,ALA,A,421,218.581,172.77,205.31,1.0,99.56,C
75,ATOM,6518,CA,GLY,A,422,219.81400000000002,169.115,205.275,1.0,1.4,C
76,ATOM,6525,CA,ASP,A,423,220.308,168.84099999999998,201.46200000000002,1.0,2.85,C
77,ATOM,6537,CA,ILE,A,424,222.487,171.81400000000002,200.55599999999998,1.0,90.05,C
78,ATOM,6556,CA,GLN,A,425,226.205,171.525,200.02200000000002,1.0,83.15,C
79,ATOM,6573,CA,LEU,A,426,228.09599999999998,174.727,200.605,1.0,71.19,C
80,ATOM,6592,CA,GLN,A,427,230.793,175.71200000000002,198.192,1.0,63.37,C
81,ATOM,6609,CA,TYR,A,428,233.65,178.03599999999997,198.743,1.0,64.46,C
82,ATOM,6630,CA,GLY,A,429,232.80900000000003,181.64,198.02200000000002,1.0,60.2,C
83,ATOM,6637,CA,TRP,A,430,229.16099999999997,181.238,199.03900000000002,1.0,57.49,C
84,ATOM,6661,CA,LYS,A,431,227.66400000000002,183.176,201.882,1.0,40.97,C
85,ATOM,6683,CA,VAL,A,432,225.53400000000002,182.158,204.826,1.0,21.92,C
86,ATOM,6699,CA,GLU,A,433,223.18400000000003,184.605,206.46200000000002,1.0,17.19,C
87,ATOM,6714,CA,ARG,A,434,223.71200000000002,183.174,209.863,1.0,99.1,C
88,ATOM,6738,CA,HIS,A,435,222.35,184.298,213.135,1.0,83.55,C
89,ATOM,6755,CA,ILE,A,436,224.338,186.739,215.18200000000002,1.0,72.28,C
90,ATOM,6774,CA,MET,A,437,226.857,184.887,217.28,1.0,71.42,C
91,ATOM,6791,CA,ASP,A,438,228.74900000000002,185.718,220.423,1.0,62.41,C
92,ATOM,6803,CA,ASN,A,439,231.602,188.18,219.987,1.0,60.1,C
93,ATOM,6817,CA,ASP,A,440,230.332,189.699,216.731,1.0,56.54,C
94,ATOM,6829,CA,PRO,A,441,231.39,193.40400000000002,216.90900000000002,1.0,53.53,C
95,ATOM,6843,CA,VAL,A,442,228.317,195.582,216.843,1.0,52.09,C
96,ATOM,6859,CA,LEU,A,443,227.718,199.27900000000002,217.007,1.0,45.4,C
97,ATOM,6878,CA,PHE,A,444,225.49,200.296,219.82299999999998,1.0,48.19,C
98,ATOM,7736,CA,ARG,A,498,233.80900000000003,194.321,211.239,1.0,63.94,C
99,ATOM,7760,CA,ALA,A,499,237.47,195.128,211.58599999999998,1.0,69.63,C
100,ATOM,7770,CA,GLU,A,500,237.074,198.87400000000002,211.236,1.0,67.12,C
101,ATOM,7785,CA,LEU,A,501,234.688,198.93200000000002,214.18599999999998,1.0,59.44,C
102,ATOM,7804,CA,SER,A,502,236.89,196.722,216.25400000000002,1.0,62.61,C
103,ATOM,7815,CA,GLN,A,503,239.861,198.96400000000003,215.74900000000002,1.0,60.2,C
104,ATOM,7832,CA,LEU,A,504,238.265,202.39,215.889,1.0,55.43,C
105,ATOM,7851,CA,CYS,A,505,235.102,202.138,217.921,1.0,58.78,C
106,ATOM,7862,CA,ALA,A,506,235.77900000000002,199.42,220.47799999999998,1.0,63.04,C
107,ATOM,7872,CA,VAL,A,507,234.84599999999998,200.44099999999997,223.997,1.0,56.47,C
108,ATOM,7888,CA,PRO,A,508,238.308,199.713,225.512,1.0,51.99,C
109,ATOM,7902,CA,LEU,A,509,239.828,201.988,222.90099999999998,1.0,61.34,C
110,ATOM,7921,CA,GLN,A,510,237.483,204.764,223.87,1.0,60.66,C
111,ATOM,7938,CA,ILE,A,511,238.283,204.417,227.57299999999998,1.0,55.02,C
112,ATOM,7957,CA,VAL,A,512,239.635,207.96400000000003,227.74200000000002,1.0,64.25,C
113,ATOM,7973,CA,SER,A,513,238.489,210.857,225.705,1.0,62.23,C
114,ATOM,7984,CA,PRO,A,514,240.149,213.83900000000003,223.957,1.0,71.22,C
115,ATOM,7998,CA,GLN,A,515,236.967,215.832,224.669,1.0,68.82,C
116,ATOM,8015,CA,SER,A,516,238.755,216.916,227.75400000000002,1.0,72.88,C
117,ATOM,8026,CA,ASN,A,517,241.701,215.481,229.57,1.0,60.93,C
118,ATOM,8040,CA,LYS,A,518,239.835,212.798,231.419,1.0,63.31,C
119,ATOM,8062,CA,PRO,A,519,238.843,209.166,231.33599999999998,1.0,61.87,C
120,ATOM,8076,CA,CYS,A,520,235.315,208.774,230.115,1.0,67.56,C
121,ATOM,8087,CA,MET,A,521,234.108,206.667,233.02700000000002,1.0,63.68,C
122,ATOM,8104,CA,GLY,A,522,234.889,205.25099999999998,236.41299999999998,1.0,58.71,C
123,ATOM,8111,CA,ILE,A,523,233.65900000000002,203.274,239.38,1.0,52.11,C
124,ATOM,8130,CA,VAL,A,524,230.00900000000001,204.12099999999998,239.90400000000002,1.0,51.35,C
125,ATOM,8146,CA,GLN,A,525,226.85299999999998,203.675,242.09,1.0,48.97,C
126,ATOM,8163,CA,ASP,A,526,227.07,200.507,244.063,1.0,50.99,C
127,ATOM,8175,CA,THR,A,527,230.615,199.862,243.273,1.0,45.43,C
128,ATOM,8189,CA,LEU,A,528,231.532,203.34,244.25799999999998,1.0,51.51,C
129,ATOM,8208,CA,CYS,A,529,229.77599999999998,203.06799999999998,247.56099999999998,1.0,50.64,C
130,ATOM,8219,CA,GLY,A,530,230.951,199.532,248.15400000000002,1.0,56.48,C
131,ATOM,8226,CA,ILE,A,531,234.588,200.055,247.322,1.0,41.36,C
132,ATOM,8245,CA,ARG,A,532,234.7,202.828,249.82,1.0,54.61,C
133,ATOM,8269,CA,LYS,A,533,233.41400000000002,200.53900000000002,252.512,1.0,56.71,C
134,ATOM,8291,CA,LEU,A,534,235.627,197.696,251.47299999999998,1.0,57.39,C
135,ATOM,8310,CA,THR,A,535,238.737,199.794,251.748,1.0,55.03,C
136,ATOM,8324,CA,LEU,A,536,237.885,201.21200000000002,255.166,1.0,66.09,C
137,ATOM,8343,CA,ARG,A,537,240.315,200.84599999999998,258.01599999999996,1.0,76.06,C
138,ATOM,8367,CA,ASP,A,538,237.923,198.646,260.008,1.0,74.25,C
139,ATOM,8379,CA,THR,A,539,237.18,196.312,257.123,1.0,64.84,C
140,ATOM,8393,CA,PHE,A,540,238.50799999999998,192.831,257.632,1.0,66.21,C
141,ATOM,8413,CA,ILE,A,541,237.655,189.71099999999998,255.739,1.0,55.15,C
142,ATOM,8432,CA,GLU,A,542,237.21900000000002,186.167,256.983,1.0,58.03,C
143,ATOM,8447,CA,LEU,A,543,239.041,183.37900000000002,255.148,1.0,61.87,C
144,ATOM,8466,CA,ASP,A,544,235.859,181.825,253.843,1.0,61.29,C
145,ATOM,8478,CA,GLN,A,545,234.965,184.972,252.00900000000001,1.0,61.14,C
146,ATOM,8495,CA,VAL,A,546,238.542,185.66,251.076,1.0,59.4,C
147,ATOM,8511,CA,LEU,A,547,238.796,182.537,249.11900000000003,1.0,62.38,C
148,ATOM,8530,CA,ASN,A,548,235.54,183.28,247.342,1.0,64.15,C
149,ATOM,8544,CA,MET,A,549,236.638,186.78099999999998,246.549,1.0,57.03,C
150,ATOM,8561,CA,LEU,A,550,239.895,185.592,245.175,1.0,53.06,C
151,ATOM,8580,CA,TYR,A,551,238.043,183.149,243.002,1.0,63.02,C
152,ATOM,8601,CA,TRP,A,552,235.83599999999998,186.011,241.75,1.0,60.85,C
153,ATOM,8625,CA,VAL,A,553,238.831,187.604,240.015,1.0,48.62,C
154,ATOM,8641,CA,PRO,A,554,239.493,186.03799999999998,236.516,1.0,59.11,C
155,ATOM,8655,CA,ASP,A,555,243.058,187.245,236.733,1.0,67.22,C
156,ATOM,8667,CA,TRP,A,556,243.753,185.752,240.113,1.0,66.78,C
157,ATOM,8691,CA,ASP,A,557,246.982,183.834,239.74,1.0,76.88,C
158,ATOM,8703,CA,GLY,A,558,246.12,181.167,242.30900000000003,1.0,79.99,C
159,ATOM,8710,CA,VAL,A,559,248.31799999999998,182.7,244.99900000000002,1.0,81.96,C
160,ATOM,8726,CA,ILE,A,560,246.576,183.418,248.255,1.0,81.27,C
161,ATOM,8745,CA,PRO,A,561,247.791,186.74200000000002,249.71900000000002,1.0,74.37,C
162,ATOM,8759,CA,THR,A,562,248.938,186.263,253.18900000000002,1.0,84.73,C
163,ATOM,8773,CA,PRO,A,563,246.607,187.685,255.845,1.0,77.43,C
164,ATOM,8787,CA,ALA,A,564,247.173,190.986,257.497,1.0,82.87,C
165,ATOM,8797,CA,ILE,A,565,246.60299999999998,189.419,260.835,1.0,87.01,C
166,ATOM,8816,CA,ILE,A,566,248.798,186.43400000000003,261.47900000000004,1.0,90.09,C
167,ATOM,8835,CA,LYS,A,567,248.68599999999998,185.25099999999998,265.092,1.0,94.76,C
168,ATOM,8857,CA,PRO,A,568,245.34400000000002,185.922,266.981,1.0,82.48,C
169,ATOM,8871,CA,LYS,A,569,243.64700000000002,184.429,263.981,1.0,84.56,C
170,ATOM,8893,CA,PRO,A,570,244.294,184.699,260.249,1.0,82.49,C
171,ATOM,8907,CA,LEU,A,571,242.495,187.745,258.923,1.0,76.22,C
172,ATOM,8926,CA,TRP,A,572,242.676,189.752,255.722,1.0,68.79,C
173,ATOM,8950,CA,SER,A,573,242.428,193.386,254.92,1.0,62.83,C
174,ATOM,8961,CA,GLY,A,574,240.02700000000002,194.562,252.28599999999997,1.0,61.35,C
175,ATOM,8968,CA,LYS,A,575,242.87599999999998,196.64700000000002,250.92700000000002,1.0,58.7,C
176,ATOM,8990,CA,GLN,A,576,244.80599999999998,193.45,250.363,1.0,61.93,C
177,ATOM,9007,CA,ILE,A,577,242.077,191.87099999999998,248.357,1.0,52.96,C
178,ATOM,9026,CA,LEU,A,578,241.678,194.745,246.033,1.0,51.99,C
179,ATOM,9045,CA,SER,A,579,245.43900000000002,194.94299999999998,245.75900000000001,1.0,61.05,C
180,ATOM,9056,CA,VAL,A,580,245.19099999999997,191.512,244.18200000000002,1.0,55.29,C
181,ATOM,9072,CA,ALA,A,581,242.78099999999998,192.90200000000002,241.62,1.0,65.33,C
182,ATOM,9082,CA,ILE,A,582,245.078,195.838,240.843,1.0,55.58,C
183,ATOM,9101,CA,PRO,A,583,247.798,195.265,238.15,1.0,63.48,C
184,ATOM,9115,CA,ASN,A,584,251.354,195.08900000000003,239.33900000000003,1.0,75.71,C
185,ATOM,9129,CA,GLY,A,585,253.953,197.59,238.24599999999998,1.0,72.57,C
186,ATOM,9136,CA,ILE,A,586,251.412,200.334,238.90599999999998,1.0,71.26,C
187,ATOM,9155,CA,HIS,A,587,252.58599999999998,203.183,240.99200000000002,1.0,71.4,C
188,ATOM,9172,CA,LEU,A,588,250.627,206.197,242.049,1.0,64.71,C
189,ATOM,9191,CA,GLN,A,589,250.72799999999998,208.769,244.71200000000002,1.0,75.22,C
190,ATOM,9208,CA,ARG,A,590,247.35,210.354,244.68900000000002,1.0,76.53,C
191,ATOM,9232,CA,PHE,A,591,248.739,211.88,247.87599999999998,1.0,78.53,C
192,ATOM,9252,CA,ASP,A,592,246.019,214.25599999999997,248.937,1.0,83.72,C
193,ATOM,9264,CA,GLU,A,593,245.793,217.122,251.422,1.0,90.85,C
194,ATOM,9279,CA,GLY,A,594,245.329,214.739,254.33599999999998,1.0,85.65,C
195,ATOM,9286,CA,THR,A,595,248.172,212.472,253.218,1.0,97.73,C
196,ATOM,9300,CA,THR,A,596,251.21099999999998,212.541,255.476,1.0,95.64,C
197,ATOM,9314,CA,LEU,A,597,252.329,208.878,255.57,1.0,95.37,C
198,ATOM,9333,CA,LEU,A,598,250.854,208.114,259.019,1.0,99.84,C
199,ATOM,9352,CA,SER,A,599,247.739,210.138,258.528,1.0,86.72,C
200,ATOM,9363,CA,PRO,A,600,244.75900000000001,208.637,260.383,1.0,97.55,C
201,ATOM,9377,CA,LYS,A,601,242.419,209.985,257.798,1.0,91.18,C
202,ATOM,9399,CA,ASP,A,602,243.563,207.80700000000002,254.886,1.0,82.44,C
203,ATOM,9411,CA,ASN,A,603,242.89,210.889,252.831,1.0,80.41,C
204,ATOM,9425,CA,GLY,A,604,244.44099999999997,210.18900000000002,249.519,1.0,78.58,C
205,ATOM,9432,CA,MET,A,605,245.915,207.136,247.988,1.0,72.36,C
206,ATOM,9449,CA,LEU,A,606,249.33,205.739,247.667,1.0,76.11,C
207,ATOM,9468,CA,ILE,A,607,249.97,202.83,245.313,1.0,67.52,C
208,ATOM,9487,CA,ILE,A,608,253.19299999999998,200.87900000000002,244.852,1.0,72.77,C
209,ATOM,9506,CA,ASP,A,609,253.58700000000002,198.012,242.456,1.0,75.79,C
210,ATOM,9518,CA,GLY,A,610,249.861,197.40400000000002,242.343,1.0,76.79,C
211,ATOM,9525,CA,GLN,A,611,249.528,197.342,246.102,1.0,70.03,C
212,ATOM,9542,CA,ILE,A,612,247.42,199.577,248.22099999999998,1.0,68.97,C
213,ATOM,9561,CA,ILE,A,613,249.803,201.458,250.355,1.0,74.11,C
214,ATOM,9580,CA,PHE,A,614,247.793,204.145,251.92700000000002,1.0,73.51,C
215,ATOM,9600,CA,GLY,A,615,244.313,205.497,251.84,1.0,78.18,C
216,ATOM,9607,CA,VAL,A,616,240.69,204.669,251.23,1.0,65.69,C
217,ATOM,9623,CA,VAL,A,617,239.11599999999999,204.622,247.824,1.0,54.73,C
218,ATOM,9639,CA,GLU,A,618,237.013,207.608,246.859,1.0,63.43,C
219,ATOM,9654,CA,LYS,A,619,235.392,208.859,243.658,1.0,61.97,C
220,ATOM,9676,CA,LYS,A,620,238.19299999999998,211.34,243.34099999999998,1.0,66.67,C
221,ATOM,9698,CA,THR,A,621,240.7,208.456,243.132,1.0,65.16,C
222,ATOM,9712,CA,VAL,A,622,238.892,205.894,240.989,1.0,50.26,C
223,ATOM,9728,CA,GLY,A,623,236.291,207.88,239.146,1.0,66.86,C
224,ATOM,9735,CA,SER,A,624,236.567,209.52900000000002,235.739,1.0,70.36,C
225,ATOM,9746,CA,SER,A,625,239.003,212.114,237.128,1.0,71.5,C
226,ATOM,9757,CA,ASN,A,626,242.225,212.41400000000002,235.238,1.0,69.93,C
227,ATOM,9771,CA,GLY,A,627,244.21099999999998,212.239,238.43200000000002,1.0,78.17,C
228,ATOM,9778,CA,GLY,A,628,242.83,208.79,239.21599999999998,1.0,71.26,C
229,ATOM,9785,CA,LEU,A,629,244.02200000000002,205.24099999999999,238.893,1.0,60.26,C
230,ATOM,9804,CA,ILE,A,630,242.14700000000002,204.391,235.787,1.0,56.77,C
231,ATOM,9823,CA,HIS,A,631,243.80200000000002,207.18099999999998,233.91099999999997,1.0,58.25,C
232,ATOM,9840,CA,VAL,A,632,247.213,206.005,234.9,1.0,64.16,C
233,ATOM,9856,CA,VAL,A,633,246.69099999999997,202.37599999999998,234.095,1.0,58.5,C
234,ATOM,9872,CA,THR,A,634,245.639,203.15099999999998,230.502,1.0,61.61,C
235,ATOM,9886,CA,ARG,A,635,249.135,204.463,229.92,1.0,66.28,C
236,ATOM,9910,CA,GLU,A,636,251.1,202.13099999999997,232.06400000000002,1.0,64.68,C
237,ATOM,9925,CA,LYS,A,637,249.34400000000002,199.107,230.625,1.0,63.3,C
238,ATOM,9947,CA,GLY,A,638,246.801,200.232,228.062,1.0,60.52,C
239,ATOM,9954,CA,PRO,A,639,243.02599999999998,199.763,227.47,1.0,59.75,C
240,ATOM,9968,CA,GLN,A,640,243.46,196.063,226.85299999999998,1.0,59.65,C
241,ATOM,9985,CA,VAL,A,641,244.169,195.767,230.56,1.0,51.43,C
242,ATOM,10001,CA,CYS,A,642,242.005,198.547,231.919,1.0,54.35,C
243,ATOM,10012,CA,ALA,A,643,238.86,196.924,230.645,1.0,57.36,C
244,ATOM,10022,CA,LYS,A,644,239.734,193.967,232.813,1.0,50.9,C
245,ATOM,10044,CA,LEU,A,645,240.635,196.28099999999998,235.649,1.0,48.87,C
246,ATOM,10063,CA,PHE,A,646,237.112,197.49200000000002,235.77200000000002,1.0,49.58,C
247,ATOM,10083,CA,GLY,A,647,235.83900000000003,193.956,235.578,1.0,59.73,C
248,ATOM,10090,CA,ASN,A,648,238.016,192.845,238.416,1.0,47.43,C
249,ATOM,10104,CA,ILE,A,649,237.002,195.692,240.62400000000002,1.0,42.73,C
250,ATOM,10123,CA,GLN,A,650,233.363,195.28400000000002,239.945,1.0,50.35,C
251,ATOM,10140,CA,LYS,A,651,233.28900000000002,191.544,240.49,1.0,42.62,C
252,ATOM,10162,CA,VAL,A,652,234.99400000000003,191.858,243.826,1.0,39.05,C
253,ATOM,10178,CA,VAL,A,653,233.25799999999998,194.87599999999998,245.11599999999999,1.0,37.42,C
254,ATOM,10194,CA,ASN,A,654,229.854,193.701,244.125,1.0,45.49,C
255,ATOM,10208,CA,PHE,A,655,230.4,190.38299999999998,245.794,1.0,45.12,C
256,ATOM,10228,CA,TRP,A,656,231.643,191.826,249.00400000000002,1.0,45.57,C
257,ATOM,10252,CA,LEU,A,657,228.875,194.361,249.041,1.0,45.91,C
258,ATOM,10271,CA,LEU,A,658,226.372,191.604,248.44799999999998,1.0,48.15,C
259,ATOM,10290,CA,HIS,A,659,227.41,190.045,251.706,1.0,48.03,C
260,ATOM,10307,CA,ASN,A,660,227.847,193.196,253.675,1.0,48.03,C
261,ATOM,10321,CA,GLY,A,661,224.59900000000002,194.86,252.774,1.0,57.21,C
262,ATOM,10328,CA,PHE,A,662,223.675,198.481,252.24099999999999,1.0,49.3,C
263,ATOM,10348,CA,SER,A,663,220.543,200.454,252.952,1.0,50.35,C
264,ATOM,10359,CA,THR,A,664,219.183,203.785,254.082,1.0,57.32,C
265,ATOM,10373,CA,GLY,A,665,216.09599999999998,205.13,255.81400000000002,1.0,58.25,C
266,ATOM,10380,CA,ILE,A,666,214.394,208.05900000000003,257.558,1.0,61.27,C
267,ATOM,10399,CA,GLY,A,667,216.812,207.94799999999998,260.447,1.0,70.26,C
268,ATOM,10406,CA,ASP,A,668,219.612,209.02700000000002,258.117,1.0,68.25,C
269,ATOM,10418,CA,THR,A,669,217.905,212.385,257.726,1.0,68.63,C
270,ATOM,10432,CA,ILE,A,670,216.976,212.627,261.366,1.0,77.65,C
271,ATOM,10451,CA,ALA,A,671,219.517,214.976,262.856,1.0,86.88,C
272,ATOM,10461,CA,ASP,A,672,219.85299999999998,215.226,266.639,1.0,1.14,C
273,ATOM,10473,CA,GLY,A,673,217.363,217.31799999999998,268.623,1.0,5.59,C
274,ATOM,10480,CA,PRO,A,674,219.921,219.84900000000002,269.994,1.0,8.37,C
275,ATOM,10494,CA,THR,A,675,221.271,220.262,266.498,1.0,5.36,C
276,ATOM,10508,CA,MET,A,676,217.842,220.972,265.12,1.0,3.14,C
277,ATOM,10525,CA,ARG,A,677,217.358,223.493,267.91,1.0,4.02,C
278,ATOM,10549,CA,GLU,A,678,220.579,225.144,266.84,1.0,5.42,C
279,ATOM,10564,CA,ILE,A,679,219.38099999999997,225.092,263.253,1.0,0.24,C
280,ATOM,10583,CA,THR,A,680,216.204,226.764,264.4,1.0,8.71,C
281,ATOM,10597,CA,GLU,A,681,218.298,229.356,266.16900000000004,1.0,6.19,C
282,ATOM,10612,CA,THR,A,682,220.41299999999998,229.80200000000002,263.07,1.0,5.4,C
283,ATOM,10626,CA,ILE,A,683,217.55,230.602,260.814,1.0,0.7,C
284,ATOM,10645,CA,ALA,A,684,215.93200000000002,232.692,263.517,1.0,9.2,C
285,ATOM,10655,CA,GLU,A,685,219.071,234.783,263.611,1.0,13.29,C
286,ATOM,10670,CA,ALA,A,686,219.112,235.155,259.869,1.0,17.99,C
287,ATOM,10680,CA,LYS,A,687,215.511,236.2,259.92900000000003,1.0,21.22,C
288,ATOM,10702,CA,LYS,A,688,216.412,238.692,262.592,1.0,29.73,C
289,ATOM,10724,CA,LYS,A,689,219.15099999999998,240.106,260.387,1.0,35.14,C
290,ATOM,10746,CA,VAL,A,690,216.53099999999998,240.447,257.68,1.0,43.28,C
291,ATOM,10762,CA,LEU,A,691,214.104,242.049,260.121,1.0,48.91,C
292,ATOM,10781,CA,ASP,A,692,216.71400000000003,244.548,261.192,1.0,65.41,C
293,ATOM,10793,CA,VAL,A,693,217.49,245.503,257.639,1.0,71.28,C
294,ATOM,10809,CA,THR,A,694,213.81,245.628,256.776,1.0,77.35,C
295,ATOM,10823,CA,LYS,A,695,213.179,248.11599999999999,259.524,1.0,93.08,C
296,ATOM,10845,CA,GLU,A,696,216.183,250.148,258.416,1.0,9.09,C
297,ATOM,10860,CA,ALA,A,697,214.915,250.00599999999997,254.84,1.0,12.24,C
298,ATOM,10870,CA,GLN,A,698,211.56599999999997,251.30700000000002,255.99099999999999,1.0,26.45,C
299,ATOM,10887,CA,ALA,A,699,213.426,253.90599999999998,257.996,1.0,45.26,C
300,ATOM,10897,CA,ASN,A,700,215.452,255.07299999999998,255.003,1.0,41.56,C
301,ATOM,10911,CA,LEU,A,701,218.641,254.27599999999998,256.909,1.0,37.4,C
302,ATOM,10930,CA,LEU,A,702,220.03,252.173,254.15900000000002,1.0,20.57,C
303,ATOM,10949,CA,THR,A,703,222.05,253.36700000000002,251.25900000000001,1.0,99.87,C
304,ATOM,10963,CA,ALA,A,704,222.49900000000002,251.86700000000002,247.859,1.0,96.81,C
305,ATOM,10973,CA,LYS,A,705,225.514,249.774,247.03099999999998,1.0,87.82,C
306,ATOM,10995,CA,HIS,A,706,227.815,251.388,244.537,1.0,94.65,C
307,ATOM,11012,CA,GLY,A,707,226.192,251.16,241.168,1.0,98.68,C
308,ATOM,11019,CA,MET,A,708,223.08,249.489,242.56599999999997,1.0,90.11,C
309,ATOM,11036,CA,THR,A,709,219.49,250.408,243.171,1.0,85.49,C
310,ATOM,11050,CA,LEU,A,710,218.83700000000002,250.75799999999998,246.885,1.0,80.41,C
311,ATOM,11069,CA,ARG,A,711,215.799,248.487,246.641,1.0,71.56,C
312,ATOM,11093,CA,GLU,A,712,217.97400000000002,245.893,244.94299999999998,1.0,71.45,C
313,ATOM,11108,CA,SER,A,713,220.738,246.398,247.52,1.0,63.29,C
314,ATOM,11119,CA,PHE,A,714,218.15,245.68900000000002,250.176,1.0,46.14,C
315,ATOM,11139,CA,GLU,A,715,217.204,242.403,248.65,1.0,45.68,C
316,ATOM,11154,CA,ASP,A,716,220.821,241.545,247.97400000000002,1.0,42.61,C
317,ATOM,11166,CA,ASN,A,717,221.609,241.585,251.668,1.0,27.91,C
318,ATOM,11180,CA,VAL,A,718,218.457,239.69400000000002,252.519,1.0,29.07,C
319,ATOM,11196,CA,VAL,A,719,219.188,236.75900000000001,250.30599999999998,1.0,24.77,C
320,ATOM,11212,CA,ARG,A,720,222.765,236.60299999999998,251.451,1.0,21.71,C
321,ATOM,11236,CA,PHE,A,721,221.533,236.305,254.99400000000003,1.0,17.9,C
322,ATOM,11256,CA,LEU,A,722,219.088,233.59,254.172,1.0,4.25,C
323,ATOM,11275,CA,ASN,A,723,221.738,231.747,252.187,1.0,5.26,C
324,ATOM,11289,CA,GLU,A,724,224.09400000000002,232.25099999999998,255.084,1.0,10.58,C
325,ATOM,11304,CA,ALA,A,725,221.671,230.351,257.279,1.0,2.49,C
326,ATOM,11314,CA,ARG,A,726,221.18099999999998,227.75900000000001,254.615,1.0,89.13,C
327,ATOM,11338,CA,ASP,A,727,224.827,226.99099999999999,254.59400000000002,1.0,97.04,C
328,ATOM,11350,CA,LYS,A,728,225.52,227.33,258.274,1.0,96.26,C
329,ATOM,11372,CA,ALA,A,729,222.56900000000002,225.232,259.29900000000004,1.0,91.67,C
330,ATOM,11382,CA,GLY,A,730,223.396,222.729,256.639,1.0,77.57,C
331,ATOM,11389,CA,ARG,A,731,227.044,222.498,257.637,1.0,85.38,C
332,ATOM,11413,CA,LEU,A,732,226.03,222.175,261.238,1.0,87.98,C
333,ATOM,11432,CA,ALA,A,733,223.793,219.25,260.371,1.0,79.8,C
334,ATOM,11442,CA,GLU,A,734,226.495,217.815,258.125,1.0,81.15,C
335,ATOM,11457,CA,VAL,A,735,229.016,217.765,260.915,1.0,86.12,C
336,ATOM,11473,CA,ASN,A,736,226.67700000000002,216.146,263.365,1.0,88.02,C
337,ATOM,11487,CA,LEU,A,737,226.09099999999998,212.90599999999998,261.546,1.0,72.6,C
338,ATOM,11506,CA,LYS,A,738,226.99400000000003,209.482,262.857,1.0,75.8,C
339,ATOM,11528,CA,ASP,A,739,229.373,207.357,260.813,1.0,75.0,C
340,ATOM,11540,CA,LEU,A,740,226.5,204.942,260.26099999999997,1.0,67.38,C
341,ATOM,11559,CA,ASN,A,741,224.71099999999998,207.615,258.278,1.0,69.28,C
342,ATOM,11573,CA,ASN,A,742,224.243,205.933,254.96099999999998,1.0,65.7,C
343,ATOM,11587,CA,VAL,A,743,223.52599999999998,209.195,253.24099999999999,1.0,60.17,C
344,ATOM,11603,CA,LYS,A,744,226.733,210.868,254.183,1.0,66.46,C
345,ATOM,11625,CA,GLN,A,745,228.514,207.63,253.46200000000002,1.0,59.53,C
346,ATOM,11642,CA,MET,A,746,227.303,207.96900000000002,249.908,1.0,60.37,C
347,ATOM,11659,CA,VAL,A,747,228.09900000000002,211.649,249.9,1.0,56.17,C
348,ATOM,11675,CA,MET,A,748,231.644,211.05900000000003,251.018,1.0,64.87,C
349,ATOM,11692,CA,ALA,A,749,232.002,208.35299999999998,248.403,1.0,54.81,C
350,ATOM,11702,CA,GLY,A,750,230.75400000000002,210.916,245.924,1.0,55.51,C
351,ATOM,11709,CA,SER,A,751,227.99,208.65099999999998,244.726,1.0,53.41,C
352,ATOM,11720,CA,LYS,A,752,224.795,210.412,243.72099999999998,1.0,62.71,C
353,ATOM,11742,CA,GLY,A,753,224.68099999999998,212.738,246.65200000000002,1.0,62.1,C
354,ATOM,11749,CA,SER,A,754,225.826,216.05900000000003,247.926,1.0,62.08,C
355,ATOM,11760,CA,PHE,A,755,226.032,218.465,250.743,1.0,67.43,C
356,ATOM,11780,CA,ILE,A,756,223.016,220.328,249.635,1.0,64.64,C
357,ATOM,11799,CA,ASN,A,757,221.044,217.13,249.365,1.0,62.33,C
358,ATOM,11813,CA,ILE,A,758,221.755,216.41,252.98,1.0,58.32,C
359,ATOM,11832,CA,ALA,A,759,220.888,219.91400000000002,253.87400000000002,1.0,64.21,C
360,ATOM,11842,CA,GLN,A,760,217.56799999999998,220.00900000000001,252.092,1.0,63.11,C
361,ATOM,11859,CA,MET,A,761,216.329,216.81900000000002,253.653,1.0,65.09,C
362,ATOM,11876,CA,SER,A,762,217.513,217.486,257.19599999999997,1.0,66.14,C
363,ATOM,11887,CA,ALA,A,763,217.949,221.232,257.526,1.0,69.95,C
364,ATOM,11897,CA,CYS,A,764,215.533,223.78,256.168,1.0,65.5,C
365,ATOM,11908,CA,VAL,A,765,214.68599999999998,223.61,252.47299999999998,1.0,71.71,C
366,ATOM,11924,CA,GLY,A,766,215.43900000000002,227.332,252.425,1.0,78.49,C
367,ATOM,11931,CA,GLN,A,767,214.858,230.278,250.15599999999998,1.0,78.36,C
368,ATOM,11948,CA,GLN,A,768,213.149,229.544,246.921,1.0,76.02,C
369,ATOM,11965,CA,SER,A,769,213.859,231.53099999999998,243.86,1.0,83.14,C
370,ATOM,11976,CA,VAL,A,770,212.308,232.472,240.583,1.0,88.76,C
371,ATOM,11992,CA,GLU,A,771,214.43099999999998,233.84900000000002,237.793,1.0,3.18,C
372,ATOM,12007,CA,GLY,A,772,217.06900000000002,234.808,240.365,1.0,15.44,C
373,ATOM,12014,CA,LYS,A,773,214.625,236.665,242.575,1.0,90.81,C
374,ATOM,12036,CA,ARG,A,774,212.558,236.165,245.665,1.0,90.63,C
375,ATOM,12060,CA,ILE,A,775,208.90200000000002,235.44299999999998,245.074,1.0,87.14,C
376,ATOM,12079,CA,ALA,A,776,207.446,238.417,243.24099999999999,1.0,88.25,C
377,ATOM,12089,CA,PHE,A,777,204.29,240.173,244.30900000000003,1.0,86.29,C
378,ATOM,12109,CA,GLY,A,778,201.97099999999998,238.304,241.933,1.0,91.83,C
379,ATOM,12116,CA,PHE,A,779,198.93400000000003,239.668,243.737,1.0,85.66,C
380,ATOM,12136,CA,VAL,A,780,198.37900000000002,243.313,244.56099999999998,1.0,98.82,C
381,ATOM,12152,CA,ASP,A,781,201.495,243.998,246.578,1.0,96.41,C
382,ATOM,12164,CA,ARG,A,782,201.713,240.455,247.859,1.0,95.4,C
383,ATOM,12188,CA,THR,A,783,202.757,236.972,246.919,1.0,82.95,C
384,ATOM,12202,CA,LEU,A,784,199.674,235.206,248.122,1.0,83.67,C
385,ATOM,12221,CA,PRO,A,785,196.16,236.215,249.22799999999998,1.0,79.65,C
386,ATOM,12235,CA,HIS,A,786,197.21099999999998,235.252,252.766,1.0,88.26,C
387,ATOM,12252,CA,PHE,A,787,199.50400000000002,238.15099999999998,253.43900000000002,1.0,92.35,C
388,ATOM,12272,CA,SER,A,788,198.773,241.80900000000003,253.81400000000002,1.0,25.11,C
389,ATOM,12283,CA,LYS,A,789,200.15,244.199,251.233,1.0,28.73,C
390,ATOM,12305,CA,ASP,A,790,203.93599999999998,244.63099999999997,251.143,1.0,25.05,C
391,ATOM,12317,CA,ASP,A,791,205.53400000000002,242.438,253.873,1.0,20.68,C
392,ATOM,12329,CA,TYR,A,792,209.035,241.584,252.645,1.0,4.86,C
393,ATOM,12350,CA,SER,A,793,209.641,239.115,255.521,1.0,98.03,C
394,ATOM,12361,CA,PRO,A,794,211.738,236.09099999999998,254.386,1.0,86.05,C
395,ATOM,12375,CA,GLU,A,795,208.986,233.49599999999998,254.238,1.0,85.78,C
396,ATOM,12390,CA,SER,A,796,206.454,235.77900000000002,252.613,1.0,84.03,C
397,ATOM,12401,CA,LYS,A,797,208.607,235.778,249.544,1.0,88.54,C
398,ATOM,12423,CA,GLY,A,798,209.827,232.19099999999997,249.519,1.0,83.37,C
399,ATOM,12430,CA,PHE,A,799,212.003,231.488,252.54,1.0,80.43,C
400,ATOM,12450,CA,VAL,A,800,211.278,227.951,253.58,1.0,75.38,C
401,ATOM,12466,CA,GLU,A,801,211.93900000000002,227.19099999999997,257.184,1.0,73.7,C
402,ATOM,12481,CA,ASN,A,802,211.00099999999998,223.572,257.238,1.0,66.55,C
403,ATOM,12495,CA,SER,A,803,213.05,220.614,256.091,1.0,61.35,C
404,ATOM,12506,CA,TYR,A,804,211.607,218.114,253.707,1.0,54.32,C
405,ATOM,12527,CA,LEU,A,805,211.417,215.736,256.60900000000004,1.0,57.23,C
406,ATOM,12546,CA,ARG,A,806,209.519,218.31599999999997,258.632,1.0,63.87,C
407,ATOM,12570,CA,GLY,A,807,207.13099999999997,219.06099999999998,255.798,1.0,67.58,C
408,ATOM,12577,CA,LEU,A,808,206.03400000000002,222.255,254.174,1.0,57.83,C
409,ATOM,12596,CA,THR,A,809,203.141,224.512,254.951,1.0,58.03,C
410,ATOM,12610,CA,PRO,A,810,200.886,225.33700000000002,251.96099999999998,1.0,56.16,C
411,ATOM,12624,CA,GLN,A,811,202.649,228.59900000000002,251.222,1.0,60.6,C
412,ATOM,12641,CA,GLU,A,812,206.079,227.067,251.398,1.0,67.02,C
413,ATOM,12656,CA,PHE,A,813,204.752,224.204,249.356,1.0,58.03,C
414,ATOM,12676,CA,PHE,A,814,203.482,226.50400000000002,246.72299999999998,1.0,60.55,C
415,ATOM,12696,CA,PHE,A,815,206.523,228.708,246.546,1.0,65.69,C
416,ATOM,12716,CA,HIS,A,816,208.576,225.613,246.15099999999998,1.0,62.62,C
417,ATOM,12733,CA,ALA,A,817,206.203,224.40200000000002,243.497,1.0,60.6,C
418,ATOM,12743,CA,MET,A,818,206.75599999999997,227.595,241.56900000000002,1.0,63.92,C
419,ATOM,12760,CA,GLY,A,819,210.505,227.074,241.486,1.0,78.2,C
420,ATOM,12767,CA,GLY,A,820,210.115,223.38,240.77900000000002,1.0,70.51,C
421,ATOM,12774,CA,ARG,A,821,208.171,223.86599999999999,237.612,1.0,77.14,C
422,ATOM,12798,CA,GLU,A,822,210.451,226.71900000000002,236.554,1.0,79.11,C
423,ATOM,12813,CA,GLY,A,823,213.285,224.229,236.495,1.0,71.14,C
424,ATOM,12820,CA,LEU,A,824,211.204,221.857,234.435,1.0,66.89,C
425,ATOM,12839,CA,ILE,A,825,210.342,224.59400000000002,231.99099999999999,1.0,70.22,C
426,ATOM,12858,CA,ASP,A,826,213.96599999999998,225.57,231.77,1.0,85.03,C
427,ATOM,12870,CA,THR,A,827,215.15599999999998,222.245,230.563,1.0,85.58,C
428,ATOM,12884,CA,ALA,A,828,212.313,222.12900000000002,228.079,1.0,80.58,C
429,ATOM,12894,CA,VAL,A,829,213.78099999999998,225.338,226.65900000000002,1.0,86.46,C
430,ATOM,12910,CA,LYS,A,830,217.343,224.03599999999997,226.832,1.0,88.3,C
431,ATOM,12932,CA,THR,A,831,216.49900000000002,221.15200000000002,224.479,1.0,96.31,C
432,ATOM,12946,CA,ALA,A,832,215.898,222.771,221.122,1.0,5.73,C
433,ATOM,12956,CA,GLU,A,833,217.80200000000002,225.9,222.071,1.0,97.34,C
434,ATOM,12971,CA,THR,A,834,221.13099999999997,224.31099999999998,222.648,1.0,88.94,C
435,ATOM,12985,CA,GLY,A,835,220.453,221.415,220.372,1.0,97.53,C
436,ATOM,12992,CA,TYR,A,836,220.11,223.824,217.517,1.0,89.06,C
437,ATOM,13013,CA,ILE,A,837,223.24200000000002,225.638,218.42,1.0,87.13,C
438,ATOM,13032,CA,GLN,A,838,225.06,222.359,218.797,1.0,78.67,C
439,ATOM,13049,CA,ARG,A,839,224.03099999999998,221.233,215.334,1.0,75.44,C
440,ATOM,13073,CA,ARG,A,840,225.047,224.546,213.917,1.0,67.74,C
441,ATOM,13097,CA,LEU,A,841,228.452,224.269,215.553,1.0,64.4,C
442,ATOM,13116,CA,VAL,A,842,228.91299999999998,220.80900000000003,214.172,1.0,66.63,C
443,ATOM,13132,CA,LYS,A,843,228.22,221.747,210.627,1.0,74.32,C
444,ATOM,13154,CA,ALA,A,844,230.477,224.778,211.09599999999998,1.0,75.24,C
445,ATOM,13164,CA,LEU,A,845,233.56799999999998,222.688,211.729,1.0,62.07,C
446,ATOM,13183,CA,GLU,A,846,232.364,219.748,209.65400000000002,1.0,68.34,C
447,ATOM,13198,CA,ASP,A,847,235.218,219.547,207.16099999999997,1.0,70.22,C
448,ATOM,13210,CA,ILE,A,848,238.308,220.206,209.231,1.0,58.96,C
449,ATOM,13229,CA,MET,A,849,240.915,217.488,209.13299999999998,1.0,65.85,C
450,ATOM,13246,CA,VAL,A,850,244.525,216.94099999999997,210.05200000000002,1.0,64.01,C
451,ATOM,13262,CA,HIS,A,851,246.571,216.388,206.959,1.0,71.34,C
452,ATOM,13279,CA,TYR,A,852,249.643,214.204,206.519,1.0,75.39,C
453,ATOM,13300,CA,ASP,A,853,251.92,217.268,206.53099999999998,1.0,79.06,C
454,ATOM,13312,CA,ASN,A,854,250.705,217.96900000000002,210.128,1.0,80.96,C
455,ATOM,13326,CA,THR,A,855,248.50799999999998,220.887,209.153,1.0,78.84,C
456,ATOM,13340,CA,THR,A,856,244.908,221.669,209.864,1.0,66.32,C
457,ATOM,13354,CA,ARG,A,857,242.84099999999998,222.465,206.854,1.0,73.66,C
458,ATOM,13378,CA,ASN,A,858,239.29,222.637,205.58700000000002,1.0,82.73,C
459,ATOM,13392,CA,SER,A,859,237.99099999999999,220.845,202.46599999999998,1.0,82.56,C
460,ATOM,13403,CA,LEU,A,860,239.188,223.729,200.308,1.0,86.83,C
461,ATOM,13422,CA,GLY,A,861,242.727,223.15,201.58700000000002,1.0,87.7,C
462,ATOM,13429,CA,ASN,A,862,242.68,226.47799999999998,203.322,1.0,80.82,C
463,ATOM,13443,CA,VAL,A,863,244.921,226.628,206.28799999999998,1.0,69.22,C
464,ATOM,13459,CA,ILE,A,864,243.32299999999998,226.748,209.585,1.0,64.39,C
465,ATOM,13478,CA,GLN,A,865,246.44400000000002,225.896,211.53599999999997,1.0,74.46,C
466,ATOM,13495,CA,PHE,A,866,250.017,225.495,210.363,1.0,75.26,C
467,ATOM,13515,CA,ILE,A,867,250.581,222.998,213.065,1.0,72.15,C
468,ATOM,13534,CA,TYR,A,868,247.68599999999998,221.141,214.545,1.0,71.9,C
469,ATOM,13555,CA,GLY,A,869,246.93200000000002,222.5,217.96200000000002,1.0,66.22,C
470,ATOM,13562,CA,GLU,A,870,250.108,224.562,217.859,1.0,79.65,C
471,ATOM,13577,CA,ASP,A,871,252.021,221.38400000000001,218.81599999999997,1.0,77.7,C
472,ATOM,13589,CA,GLY,A,872,250.702,218.355,216.899,1.0,76.47,C
473,ATOM,13596,CA,MET,A,873,249.77900000000002,216.607,220.082,1.0,72.74,C
474,ATOM,13613,CA,ASP,A,874,246.977,214.108,220.37,1.0,80.94,C
475,ATOM,13625,CA,ALA,A,875,244.65,215.30200000000002,223.143,1.0,85.03,C
476,ATOM,13635,CA,ALA,A,876,244.074,211.62900000000002,224.042,1.0,78.53,C
477,ATOM,13645,CA,HIS,A,877,247.62599999999998,211.56099999999998,225.395,1.0,71.64,C
478,ATOM,13847,CA,ALA,A,891,267.376,231.21099999999998,245.28799999999998,1.0,47.11,C
479,ATOM,13857,CA,ALA,A,892,265.20099999999996,228.095,245.523,1.0,55.67,C
480,ATOM,13867,CA,PHE,A,893,265.247,227.90200000000002,241.768,1.0,54.26,C
481,ATOM,13887,CA,GLU,A,894,268.985,227.674,241.75799999999998,1.0,76.78,C
482,ATOM,13902,CA,LYS,A,895,268.782,225.275,244.69400000000002,1.0,75.83,C
483,ATOM,13924,CA,ARG,A,896,266.78700000000003,222.88299999999998,242.486,1.0,65.3,C
484,ATOM,13948,CA,TYR,A,897,268.675,223.56,239.257,1.0,68.74,C
485,ATOM,13969,CA,ARG,A,898,272.055,225.195,239.46900000000002,1.0,16.38,C
486,ATOM,13993,CA,VAL,A,899,275.08,222.949,239.86,1.0,61.22,C
487,ATOM,14009,CA,ASP,A,900,278.503,224.29,240.61,1.0,7.39,C
488,ATOM,14021,CA,LEU,A,901,281.22900000000004,221.675,240.333,1.0,31.54,C
489,ATOM,14040,CA,LEU,A,902,283.749,224.408,241.092,1.0,37.81,C
490,ATOM,14059,CA,ASN,A,903,282.466,225.25599999999997,244.605,1.0,49.07,C
491,ATOM,14073,CA,THR,A,904,280.586,224.082,247.687,1.0,54.74,C
492,ATOM,14087,CA,ASP,A,905,277.507,226.28900000000002,247.15400000000002,1.0,45.51,C
493,ATOM,14099,CA,HIS,A,906,276.051,223.986,244.525,1.0,7.16,C
494,ATOM,14116,CA,THR,A,907,278.508,221.102,244.831,1.0,23.1,C
495,ATOM,14130,CA,LEU,A,908,277.873,217.74900000000002,243.294,1.0,10.59,C
496,ATOM,14149,CA,ASP,A,909,278.135,215.22,246.083,1.0,2.95,C
497,ATOM,14161,CA,PRO,A,910,280.726,212.657,244.771,1.0,93.91,C
498,ATOM,14175,CA,SER,A,911,278.855,209.733,246.368,1.0,73.35,C
499,ATOM,14186,CA,LEU,A,912,275.952,210.22,243.94099999999997,1.0,58.26,C
500,ATOM,14205,CA,LEU,A,913,278.157,208.79,241.208,1.0,44.58,C
501,ATOM,14224,CA,GLU,A,914,280.743,206.106,240.799,1.0,54.77,C
502,ATOM,14239,CA,SER,A,915,282.846,208.92700000000002,239.359,1.0,1.34,C
503,ATOM,14250,CA,GLY,A,916,284.015,211.488,241.93400000000003,1.0,26.35,C
504,ATOM,14257,CA,SER,A,917,286.634,214.218,241.455,1.0,53.24,C
505,ATOM,14268,CA,GLU,A,918,286.856,213.333,237.74900000000002,1.0,55.43,C
506,ATOM,14283,CA,ILE,A,919,283.64799999999997,215.388,237.642,1.0,47.77,C
507,ATOM,14302,CA,LEU,A,920,283.747,217.53400000000002,240.765,1.0,50.26,C
508,ATOM,14321,CA,GLY,A,921,285.975,220.52599999999998,240.03900000000002,1.0,41.04,C
509,ATOM,14328,CA,ASP,A,922,285.86400000000003,219.93099999999998,236.269,1.0,44.46,C
510,ATOM,14340,CA,LEU,A,923,285.45099999999996,223.312,234.623,1.0,37.56,C
511,ATOM,14359,CA,LYS,A,924,284.572,221.676,231.27700000000002,1.0,30.44,C
512,ATOM,14381,CA,LEU,A,925,281.573,219.937,232.74200000000002,1.0,8.34,C
513,ATOM,14400,CA,GLN,A,926,280.85,223.13400000000001,234.645,1.0,7.15,C
514,ATOM,14417,CA,VAL,A,927,280.58299999999997,224.96599999999998,231.351,1.0,91.44,C
515,ATOM,14433,CA,LEU,A,928,277.961,222.47,230.232,1.0,73.73,C
516,ATOM,14452,CA,LEU,A,929,276.153,222.99900000000002,233.532,1.0,57.04,C
517,ATOM,14471,CA,ASP,A,930,276.497,226.764,233.16400000000002,1.0,42.77,C
518,ATOM,14483,CA,GLU,A,931,274.84,226.58900000000003,229.81400000000002,1.0,22.12,C
519,ATOM,14498,CA,GLU,A,932,272.158,224.25400000000002,231.15400000000002,1.0,95.31,C
520,ATOM,14513,CA,TYR,A,933,271.676,226.768,233.90099999999998,1.0,80.93,C
521,ATOM,14534,CA,LYS,A,934,271.524,229.65099999999998,231.479,1.0,68.02,C
522,ATOM,14556,CA,GLN,A,935,268.91900000000004,227.84,229.456,1.0,34.93,C
523,ATOM,14573,CA,LEU,A,936,266.986,227.166,232.607,1.0,20.47,C
524,ATOM,14592,CA,VAL,A,937,267.236,230.90400000000002,233.28799999999998,1.0,12.71,C
525,ATOM,14608,CA,LYS,A,938,265.97900000000004,231.516,229.80599999999998,1.0,97.53,C
526,ATOM,14630,CA,ASP,A,939,263.161,229.05599999999998,230.426,1.0,79.52,C
527,ATOM,14642,CA,ARG,A,940,262.48400000000004,230.75900000000001,233.74099999999999,1.0,79.44,C
528,ATOM,14666,CA,LYS,A,941,261.974,234.142,232.175,1.0,64.4,C
529,ATOM,14688,CA,PHE,A,942,260.447,232.615,229.067,1.0,46.89,C
530,ATOM,14708,CA,LEU,A,943,257.73900000000003,230.732,230.81900000000002,1.0,30.75,C
531,ATOM,14727,CA,ARG,A,944,257.285,233.787,232.953,1.0,38.52,C
532,ATOM,14751,CA,GLU,A,945,256.349,235.516,229.71900000000002,1.0,32.73,C
533,ATOM,14766,CA,VAL,A,946,254.283,232.585,228.451,1.0,18.47,C
534,ATOM,14782,CA,PHE,A,947,252.295,232.045,231.641,1.0,23.64,C
535,ATOM,14802,CA,VAL,A,948,252.334,235.50900000000001,233.215,1.0,26.34,C
536,ATOM,14818,CA,ASP,A,949,250.08599999999998,234.572,236.092,1.0,28.33,C
537,ATOM,14830,CA,GLY,A,950,252.64700000000002,232.229,237.636,1.0,26.25,C
538,ATOM,14837,CA,GLU,A,951,250.49400000000003,229.141,237.045,1.0,21.13,C
539,ATOM,14852,CA,ALA,A,952,252.74200000000002,226.141,236.59400000000002,1.0,19.15,C
540,ATOM,14862,CA,ASN,A,953,250.46400000000003,223.188,236.035,1.0,5.03,C
541,ATOM,14876,CA,TRP,A,954,249.708,222.53400000000002,232.407,1.0,91.97,C
542,ATOM,14900,CA,PRO,A,955,248.24400000000003,219.769,230.206,1.0,81.72,C
543,ATOM,14914,CA,LEU,A,956,251.385,218.46,228.54,1.0,81.28,C
544,ATOM,14933,CA,PRO,A,957,252.44400000000002,215.28400000000002,226.609,1.0,78.97,C
545,ATOM,14947,CA,VAL,A,958,253.926,212.22099999999998,228.342,1.0,84.72,C
546,ATOM,14963,CA,ASN,A,959,254.035,211.80599999999998,232.12400000000002,1.0,95.52,C
547,ATOM,14977,CA,ILE,A,960,257.709,211.945,232.75799999999998,1.0,0.25,C
548,ATOM,14996,CA,ARG,A,961,257.468,211.46400000000003,236.49,1.0,5.97,C
549,ATOM,15020,CA,ARG,A,962,255.808,208.078,236.171,1.0,2.43,C
550,ATOM,15044,CA,ILE,A,963,258.335,207.045,233.577,1.0,13.08,C
551,ATOM,15063,CA,ILE,A,964,261.012,207.82,236.108,1.0,13.73,C
552,ATOM,15082,CA,GLN,A,965,259.11400000000003,205.825,238.701,1.0,23.43,C
553,ATOM,15099,CA,ASN,A,966,259.013,202.84400000000002,236.393,1.0,26.38,C
554,ATOM,15113,CA,ALA,A,967,262.73900000000003,203.03,236.017,1.0,39.83,C
555,ATOM,15123,CA,GLN,A,968,263.187,203.299,239.773,1.0,46.01,C
556,ATOM,15140,CA,GLN,A,969,260.959,200.355,240.41299999999998,1.0,33.51,C
557,ATOM,15157,CA,THR,A,970,261.79400000000004,198.046,237.507,1.0,51.56,C
558,ATOM,15171,CA,PHE,A,971,265.461,198.574,238.10299999999998,1.0,61.23,C
559,ATOM,15191,CA,HIS,A,972,264.829,198.637,241.919,1.0,69.8,C
560,ATOM,15208,CA,ILE,A,973,267.449,201.315,242.21900000000002,1.0,4.98,C
561,ATOM,15227,CA,ASP,A,974,269.366,201.734,245.428,1.0,45.01,C
562,ATOM,15239,CA,HIS,A,975,269.21299999999997,205.513,245.815,1.0,51.83,C
563,ATOM,15256,CA,THR,A,976,271.762,205.518,248.69400000000002,1.0,64.27,C
564,ATOM,15270,CA,LYS,A,977,274.58299999999997,204.206,246.483,1.0,91.37,C
565,ATOM,15292,CA,PRO,A,978,276.608,205.766,243.55200000000002,1.0,25.94,C
566,ATOM,15306,CA,SER,A,979,275.72900000000004,205.123,239.893,1.0,4.77,C
567,ATOM,15317,CA,ASP,A,980,277.378,205.028,236.49900000000002,1.0,95.59,C
568,ATOM,15329,CA,LEU,A,981,276.08299999999997,208.38,235.146,1.0,83.42,C
569,ATOM,15348,CA,THR,A,982,278.393,211.183,233.968,1.0,80.19,C
570,ATOM,15362,CA,ILE,A,983,277.461,214.864,233.71900000000002,1.0,77.18,C
571,ATOM,15381,CA,LYS,A,984,278.231,215.092,230.021,1.0,67.73,C
572,ATOM,15403,CA,ASP,A,985,276.374,211.87900000000002,229.278,1.0,52.33,C
573,ATOM,15415,CA,ILE,A,986,273.361,213.333,231.016,1.0,32.24,C
574,ATOM,15434,CA,VAL,A,987,273.665,216.583,229.113,1.0,25.06,C
575,ATOM,15450,CA,LEU,A,988,273.995,214.93400000000003,225.77700000000002,1.0,1.92,C
576,ATOM,15469,CA,GLY,A,989,271.32099999999997,212.362,226.51,1.0,87.0,C
577,ATOM,15476,CA,VAL,A,990,268.87,215.153,227.09799999999998,1.0,65.99,C
578,ATOM,15492,CA,LYS,A,991,270.043,216.93599999999998,223.982,1.0,58.58,C
579,ATOM,15514,CA,ASP,A,992,269.6,213.705,222.018,1.0,52.86,C
580,ATOM,15526,CA,LEU,A,993,266.131,213.468,223.445,1.0,38.95,C
581,ATOM,15545,CA,GLN,A,994,265.416,216.956,222.15900000000002,1.0,31.32,C
582,ATOM,15562,CA,GLU,A,995,266.824,215.99400000000003,218.78099999999998,1.0,30.65,C
583,ATOM,15577,CA,ASN,A,996,264.478,213.051,218.61900000000003,1.0,21.4,C
584,ATOM,15591,CA,LEU,A,997,261.317,215.024,219.385,1.0,4.43,C
585,ATOM,15610,CA,LEU,A,998,260.03,214.80700000000002,215.886,1.0,98.13,C
586,ATOM,15629,CA,VAL,A,999,256.72900000000004,216.24099999999999,214.75,1.0,98.74,C
587,ATOM,15645,CA,LEU,A,1000,257.5,217.524,211.31099999999998,1.0,0.86,C
588,ATOM,15664,CA,ARG,A,1001,259.777,215.845,208.78599999999997,1.0,11.57,C
589,ATOM,15688,CA,GLY,A,1002,261.66200000000003,217.365,205.90900000000002,1.0,15.62,C
590,ATOM,15695,CA,LYS,A,1003,264.879,219.175,205.16099999999997,1.0,18.0,C
591,ATOM,15717,CA,ASN,A,1004,263.75,222.766,204.704,1.0,12.26,C
592,ATOM,15731,CA,GLU,A,1005,264.597,225.28799999999998,207.421,1.0,12.95,C
593,ATOM,15746,CA,ILE,A,1006,261.015,226.578,207.583,1.0,1.96,C
594,ATOM,15765,CA,ILE,A,1007,260.026,223.13099999999997,208.704,1.0,0.22,C
595,ATOM,15784,CA,GLN,A,1008,262.961,223.113,211.06900000000002,1.0,5.19,C
596,ATOM,15801,CA,ASN,A,1009,261.974,226.437,212.618,1.0,3.51,C
597,ATOM,15815,CA,ALA,A,1010,258.482,225.169,212.988,1.0,95.75,C
598,ATOM,15825,CA,GLN,A,1011,259.906,221.954,214.43400000000003,1.0,97.78,C
599,ATOM,15842,CA,ARG,A,1012,261.76,223.96200000000002,216.99900000000002,1.0,94.93,C
600,ATOM,15866,CA,ASP,A,1013,258.528,225.584,217.99400000000003,1.0,99.25,C
601,ATOM,15878,CA,ALA,A,1014,256.585,222.37599999999998,217.665,1.0,0.39,C
602,ATOM,15888,CA,VAL,A,1015,258.252,221.282,220.886,1.0,94.97,C
603,ATOM,15904,CA,THR,A,1016,259.64099999999996,224.438,222.601,1.0,1.25,C
604,ATOM,15918,CA,LEU,A,1017,257.288,224.10299999999998,225.576,1.0,1.99,C
605,ATOM,15937,CA,PHE,A,1018,257.601,220.31400000000002,225.828,1.0,12.77,C
606,ATOM,15957,CA,CYS,A,1019,261.36,220.37400000000002,225.56900000000002,1.0,20.26,C
607,ATOM,15968,CA,CYS,A,1020,261.369,223.02,228.305,1.0,30.06,C
608,ATOM,15979,CA,LEU,A,1021,259.397,220.533,230.359,1.0,25.25,C
609,ATOM,15998,CA,LEU,A,1022,261.88599999999997,217.812,229.58900000000003,1.0,31.51,C
610,ATOM,16017,CA,ARG,A,1023,264.927,219.982,230.03400000000002,1.0,43.87,C
611,ATOM,16041,CA,SER,A,1024,263.875,221.165,233.38400000000001,1.0,58.8,C
612,ATOM,16052,CA,ARG,A,1025,262.31,217.905,234.46,1.0,57.07,C
613,ATOM,16076,CA,LEU,A,1026,265.524,216.137,233.697,1.0,70.13,C
614,ATOM,16095,CA,ALA,A,1027,267.754,218.903,234.972,1.0,6.21,C
615,ATOM,16105,CA,THR,A,1028,271.138,217.338,235.761,1.0,45.19,C
616,ATOM,16119,CA,ARG,A,1029,271.04200000000003,218.433,239.393,1.0,58.85,C
617,ATOM,16143,CA,ARG,A,1030,267.733,216.65599999999998,239.886,1.0,40.73,C
618,ATOM,16167,CA,VAL,A,1031,268.869,213.688,237.80200000000002,1.0,34.91,C
619,ATOM,16183,CA,LEU,A,1032,271.487,212.986,240.357,1.0,38.74,C
620,ATOM,16202,CA,GLN,A,1033,270.236,214.425,243.59099999999998,1.0,45.92,C
621,ATOM,16219,CA,GLU,A,1034,266.507,213.78599999999997,243.588,1.0,30.91,C
622,ATOM,16234,CA,TYR,A,1035,266.557,210.778,241.338,1.0,21.21,C
623,ATOM,16255,CA,ARG,A,1036,269.698,208.808,242.01,1.0,27.12,C
624,ATOM,16279,CA,LEU,A,1037,269.355,206.639,238.81099999999998,1.0,14.01,C
625,ATOM,16298,CA,THR,A,1038,271.61,204.24599999999998,236.983,1.0,14.28,C
626,ATOM,16312,CA,LYS,A,1039,272.67,204.953,233.44299999999998,1.0,13.02,C
627,ATOM,16334,CA,GLN,A,1040,270.703,201.94,232.38,1.0,92.44,C
628,ATOM,16351,CA,ALA,A,1041,267.66900000000004,203.483,233.958,1.0,75.76,C
629,ATOM,16361,CA,PHE,A,1042,268.468,206.925,232.655,1.0,75.93,C
630,ATOM,16381,CA,ASP,A,1043,268.784,205.767,229.093,1.0,68.47,C
631,ATOM,16393,CA,TRP,A,1044,265.751,203.545,229.53900000000002,1.0,49.75,C
632,ATOM,16417,CA,VAL,A,1045,263.81,206.612,230.56,1.0,39.58,C
633,ATOM,16433,CA,LEU,A,1046,265.05400000000003,208.58,227.62599999999998,1.0,31.55,C
634,ATOM,16452,CA,SER,A,1047,263.981,205.94299999999998,225.16299999999998,1.0,30.01,C
635,ATOM,16463,CA,ASN,A,1048,260.566,205.674,226.771,1.0,17.78,C
636,ATOM,16477,CA,ILE,A,1049,260.124,209.37900000000002,226.632,1.0,6.09,C
637,ATOM,16496,CA,GLU,A,1050,260.926,209.32,222.96900000000002,1.0,8.85,C
638,ATOM,16511,CA,ALA,A,1051,258.66200000000003,206.4,222.317,1.0,3.72,C
639,ATOM,16521,CA,GLN,A,1052,255.717,207.799,224.17,1.0,96.73,C
640,ATOM,16538,CA,PHE,A,1053,256.29400000000004,211.21400000000003,222.713,1.0,89.47,C
641,ATOM,16558,CA,LEU,A,1054,256.178,209.99599999999998,219.208,1.0,85.0,C
642,ATOM,16577,CA,ARG,A,1055,253.229,207.771,220.12,1.0,85.71,C
643,ATOM,16601,CA,SER,A,1056,251.429,210.873,221.435,1.0,80.93,C
644,ATOM,16612,CA,VAL,A,1057,251.81099999999998,212.77900000000002,218.146,1.0,71.73,C
645,ATOM,16628,CA,VAL,A,1058,248.38099999999997,213.27900000000002,216.602,1.0,72.9,C
646,ATOM,16644,CA,HIS,A,1059,247.579,211.09,213.642,1.0,73.43,C
647,ATOM,16661,CA,PRO,A,1060,246.713,212.53099999999998,210.255,1.0,70.71,C
648,ATOM,16675,CA,GLY,A,1061,243.24099999999999,211.907,208.925,1.0,66.07,C
649,ATOM,16682,CA,GLU,A,1062,241.657,212.96200000000002,212.227,1.0,73.77,C
650,ATOM,16697,CA,MET,A,1063,238.315,214.63,211.94400000000002,1.0,64.59,C
651,ATOM,16714,CA,VAL,A,1064,239.202,217.195,214.46400000000003,1.0,60.7,C
652,ATOM,16730,CA,GLY,A,1065,236.65200000000002,219.72299999999998,213.41299999999998,1.0,70.39,C
653,ATOM,16737,CA,VAL,A,1066,233.822,217.394,214.27599999999998,1.0,55.39,C
654,ATOM,16753,CA,LEU,A,1067,235.604,216.178,217.34099999999998,1.0,62.26,C
655,ATOM,16772,CA,ALA,A,1068,236.097,219.704,218.605,1.0,66.13,C
656,ATOM,16782,CA,ALA,A,1069,232.584,220.71,217.768,1.0,65.78,C
657,ATOM,16792,CA,GLN,A,1070,231.25599999999997,217.905,219.84900000000002,1.0,64.91,C
658,ATOM,16809,CA,SER,A,1071,233.655,218.475,222.687,1.0,73.07,C
659,ATOM,16820,CA,ILE,A,1072,232.484,222.05200000000002,222.908,1.0,69.43,C
660,ATOM,16839,CA,GLY,A,1073,228.83900000000003,221.229,222.354,1.0,69.78,C
661,ATOM,16846,CA,GLU,A,1074,228.722,218.63,225.135,1.0,66.47,C
662,ATOM,16861,CA,PRO,A,1075,229.483,220.923,228.16,1.0,80.99,C
663,ATOM,16875,CA,ALA,A,1076,227.468,223.64,226.47099999999998,1.0,82.51,C
664,ATOM,16885,CA,THR,A,1077,224.365,221.523,226.96,1.0,79.79,C
665,ATOM,16899,CA,GLN,A,1078,225.581,220.96,230.47799999999998,1.0,80.93,C
666,ATOM,16916,CA,MET,A,1079,225.593,224.69,231.144,1.0,96.65,C
667,ATOM,16933,CA,THR,A,1080,223.109,224.40900000000002,233.988,1.0,14.58,C
668,ATOM,16947,CA,LEU,A,1081,223.792,227.938,235.263,1.0,28.14,C
669,ATOM,16966,CA,ASN,A,1082,221.847,229.178,232.25,1.0,24.04,C
670,ATOM,16980,CA,THR,A,1083,220.775,232.787,232.88299999999998,1.0,33.24,C
671,ATOM,16994,CA,PHE,A,1084,220.703,233.09,236.699,1.0,37.19,C
672,ATOM,17014,CA,HIS,A,1085,222.207,232.235,240.11599999999999,1.0,56.6,C
673,ATOM,17031,CA,PHE,A,1086,225.804,233.041,239.093,1.0,71.74,C
674,ATOM,17051,CA,ALA,A,1087,226.55,234.912,242.372,1.0,85.36,C
675,ATOM,17061,CA,GLY,A,1088,228.706,238.05,242.053,1.0,2.07,C
676,ATOM,17068,CA,VAL,A,1089,229.862,241.032,244.118,1.0,21.73,C
677,ATOM,17084,CA,ALA,A,1090,226.62900000000002,242.84099999999998,243.292,1.0,17.13,C
678,ATOM,17094,CA,SER,A,1091,224.74200000000002,240.433,241.005,1.0,96.47,C
679,ATOM,17105,CA,LYS,A,1092,227.24900000000002,239.567,238.304,1.0,77.84,C
680,ATOM,17127,CA,LYS,A,1093,225.765,241.041,235.201,1.0,65.17,C
681,ATOM,17149,CA,VAL,A,1094,228.17,239.613,232.697,1.0,50.67,C
682,ATOM,17165,CA,THR,A,1095,226.657,236.16299999999998,232.733,1.0,40.0,C
683,ATOM,17179,CA,SER,A,1096,223.86599999999999,234.66299999999998,230.64700000000002,1.0,25.53,C
684,ATOM,17190,CA,GLY,A,1097,226.023,231.607,230.05900000000003,1.0,13.34,C
685,ATOM,17197,CA,VAL,A,1098,223.959,229.972,227.36700000000002,1.0,93.93,C
686,ATOM,17213,CA,PRO,A,1099,222.669,233.168,225.578,1.0,5.99,C
687,ATOM,17227,CA,ARG,A,1100,226.15099999999998,234.572,225.81400000000002,1.0,11.93,C
688,ATOM,17251,CA,LEU,A,1101,227.611,231.55200000000002,224.17700000000002,1.0,2.12,C
689,ATOM,17270,CA,LYS,A,1102,225.047,232.048,221.46599999999998,1.0,1.47,C
690,ATOM,17292,CA,GLU,A,1103,226.012,235.74400000000003,221.229,1.0,5.72,C
691,ATOM,17307,CA,ILE,A,1104,229.65,234.9,221.03400000000002,1.0,0.94,C
692,ATOM,17326,CA,LEU,A,1105,229.239,232.25,218.44799999999998,1.0,97.97,C
693,ATOM,17345,CA,ASN,A,1106,227.05900000000003,234.195,216.167,1.0,1.41,C
694,ATOM,17359,CA,VAL,A,1107,229.122,237.37900000000002,216.502,1.0,0.69,C
695,ATOM,17375,CA,ALA,A,1108,226.327,239.389,218.042,1.0,7.6,C
696,ATOM,17385,CA,LYS,A,1109,226.248,242.949,216.858,1.0,9.52,C
697,ATOM,17407,CA,ASN,A,1110,224.833,244.13099999999997,220.162,1.0,27.14,C
698,ATOM,17421,CA,MET,A,1111,226.475,243.085,223.39700000000002,1.0,35.35,C
699,ATOM,17438,CA,LYS,A,1112,223.824,242.868,226.049,1.0,36.7,C
700,ATOM,17460,CA,THR,A,1113,226.332,243.144,228.862,1.0,38.93,C
701,ATOM,17474,CA,PRO,A,1114,228.917,245.47,227.27700000000002,1.0,44.01,C
702,ATOM,17488,CA,SER,A,1115,231.68,246.363,229.65099999999998,1.0,51.32,C
703,ATOM,17499,CA,LEU,A,1116,235.28599999999997,247.36700000000002,230.10299999999998,1.0,48.53,C
704,ATOM,17518,CA,THR,A,1117,237.954,246.225,232.484,1.0,48.41,C
705,ATOM,17532,CA,VAL,A,1118,240.42700000000002,249.002,233.065,1.0,42.42,C
706,ATOM,17548,CA,TYR,A,1119,243.658,248.989,234.953,1.0,48.49,C
707,ATOM,17569,CA,LEU,A,1120,245.313,252.07299999999998,236.292,1.0,52.39,C
708,ATOM,17588,CA,GLU,A,1121,248.887,252.925,235.638,1.0,63.31,C
709,ATOM,17603,CA,PRO,A,1122,250.748,250.579,238.122,1.0,73.68,C
710,ATOM,17617,CA,GLY,A,1123,252.075,253.395,240.325,1.0,80.18,C
711,ATOM,17624,CA,HIS,A,1124,248.429,253.99400000000003,241.235,1.0,89.85,C
712,ATOM,17641,CA,ALA,A,1125,247.563,250.31799999999998,241.845,1.0,89.93,C
713,ATOM,17651,CA,ALA,A,1126,246.835,251.07,245.528,1.0,92.8,C
714,ATOM,17661,CA,ASP,A,1127,245.608,254.59599999999998,244.795,1.0,97.83,C
715,ATOM,17673,CA,GLN,A,1128,241.852,254.47,244.935,1.0,95.37,C
716,ATOM,17690,CA,GLU,A,1129,241.717,258.243,244.87400000000002,1.0,97.45,C
717,ATOM,17705,CA,GLN,A,1130,243.209,258.315,241.453,1.0,95.1,C
718,ATOM,17722,CA,ALA,A,1131,240.773,255.576,240.55700000000002,1.0,97.78,C
719,ATOM,17732,CA,LYS,A,1132,238.017,257.909,241.78099999999998,1.0,1.68,C
720,ATOM,17754,CA,LEU,A,1133,239.47099999999998,260.63599999999997,239.582,1.0,96.49,C
721,ATOM,17773,CA,ILE,A,1134,239.43900000000002,258.24,236.678,1.0,98.56,C
722,ATOM,17792,CA,ARG,A,1135,235.917,257.259,237.628,1.0,7.95,C
723,ATOM,17816,CA,SER,A,1136,234.84400000000002,260.843,237.218,1.0,21.37,C
724,ATOM,17827,CA,ALA,A,1137,236.854,261.019,233.987,1.0,21.46,C
725,ATOM,17837,CA,ILE,A,1138,235.08900000000003,257.985,232.58900000000003,1.0,22.43,C
726,ATOM,17856,CA,GLU,A,1139,231.532,257.855,233.96200000000002,1.0,38.67,C
727,ATOM,17871,CA,HIS,A,1140,229.34900000000002,259.76099999999997,231.579,1.0,77.74,C
728,ATOM,17888,CA,THR,A,1141,227.35299999999998,262.55,233.15200000000002,1.0,51.35,C
729,ATOM,17902,CA,THR,A,1142,224.765,264.967,231.826,1.0,34.75,C
730,ATOM,17916,CA,LEU,A,1143,223.196,268.133,232.942,1.0,86.6,C
731,ATOM,17935,CA,LYS,A,1144,219.84,266.44,233.275,1.0,2.07,C
732,ATOM,17957,CA,SER,A,1145,221.356,263.748,235.498,1.0,89.06,C
733,ATOM,17968,CA,VAL,A,1146,222.543,266.498,237.829,1.0,2.76,C
734,ATOM,17984,CA,THR,A,1147,219.332,268.494,237.88299999999998,1.0,11.26,C
735,ATOM,17998,CA,ILE,A,1148,216.118,268.46299999999997,239.894,1.0,9.21,C
736,ATOM,18017,CA,ALA,A,1149,213.92700000000002,270.73900000000003,237.84599999999998,1.0,35.12,C
737,ATOM,18027,CA,SER,A,1150,213.889,273.069,234.856,1.01,0.0,C
738,ATOM,18038,CA,GLU,A,1151,211.515,275.949,234.74900000000002,1.01,0.0,C
739,ATOM,18053,CA,ILE,A,1152,211.31900000000002,278.828,232.329,1.01,0.0,C
740,ATOM,18072,CA,TYR,A,1153,210.16299999999998,282.203,233.58900000000003,1.01,0.0,C
741,ATOM,18093,CA,TYR,A,1154,209.35,285.565,232.079,1.01,0.0,C
742,ATOM,18114,CA,ASP,A,1155,212.49599999999998,287.531,233.012,1.01,0.0,C
743,ATOM,18126,CA,PRO,A,1156,214.05700000000002,290.267,230.732,1.01,0.0,C
744,ATOM,18140,CA,ASP,A,1157,215.976,291.757,233.81400000000002,1.01,0.0,C
745,ATOM,18152,CA,PRO,A,1158,219.804,291.902,233.93,1.01,0.0,C
746,ATOM,18166,CA,ARG,A,1159,220.15,294.409,236.78799999999998,1.01,0.0,C
747,ATOM,18190,CA,SER,A,1160,220.088,291.559,239.252,1.01,0.0,C
748,ATOM,18201,CA,THR,A,1161,223.493,290.298,237.90900000000002,1.01,0.0,C
749,ATOM,18215,CA,VAL,A,1162,223.97099999999998,288.562,241.21200000000002,1.01,0.0,C
750,ATOM,18231,CA,ILE,A,1163,220.675,287.649,242.775,1.01,0.0,C
751,ATOM,18250,CA,PRO,A,1164,220.519,289.066,246.365,1.01,0.0,C
752,ATOM,18264,CA,GLU,A,1165,219.058,285.77099999999996,247.63099999999997,1.01,0.0,C
753,ATOM,18279,CA,ASP,A,1166,216.791,282.79,246.925,1.01,0.0,C
754,ATOM,18291,CA,GLU,A,1167,213.78799999999998,284.755,248.1,1.01,0.0,C
755,ATOM,18306,CA,GLU,A,1168,214.745,287.46,245.649,1.01,0.0,C
756,ATOM,18321,CA,ILE,A,1169,214.782,284.79,242.946,1.01,0.0,C
757,ATOM,18340,CA,ILE,A,1170,211.25400000000002,283.987,244.18900000000002,1.01,0.0,C
758,ATOM,18359,CA,GLN,A,1171,210.12599999999998,287.62,244.37099999999998,1.01,0.0,C
759,ATOM,18376,CA,LEU,A,1172,211.517,288.348,240.93599999999998,1.01,0.0,C
760,ATOM,18395,CA,HIS,A,1173,209.608,285.33099999999996,239.667,1.01,0.0,C
761,ATOM,18412,CA,PHE,A,1174,206.585,285.906,241.959,1.01,0.0,C
762,ATOM,18432,CA,SER,A,1175,204.415,287.459,239.274,1.01,0.0,C
763,ATOM,18443,CA,LEU,A,1176,204.924,289.46299999999997,236.178,1.01,0.0,C
764,ATOM,18462,CA,LEU,A,1177,207.071,292.385,237.247,1.01,0.0,C
765,ATOM,18481,CA,ASP,A,1178,208.209,295.639,235.63400000000001,1.01,0.0,C
766,ATOM,18493,CA,GLU,A,1179,211.736,295.048,236.993,1.01,0.0,C
767,ATOM,18508,CA,GLU,A,1180,211.715,291.607,235.338,1.01,0.0,C
768,ATOM,18523,CA,ALA,A,1181,210.28400000000002,293.171,232.201,1.01,0.0,C
769,ATOM,18533,CA,GLU,A,1182,213.34099999999998,295.494,231.667,1.01,0.0,C
770,ATOM,18548,CA,GLN,A,1183,214.373,295.556,227.957,1.01,0.0,C
771,ATOM,18565,CA,SER,A,1184,218.072,296.388,228.76,1.01,0.0,C
772,ATOM,18576,CA,PHE,A,1185,220.748,296.384,226.09,1.01,0.0,C
773,ATOM,18596,CA,ASP,A,1186,222.605,293.658,228.144,1.01,0.0,C
774,ATOM,18608,CA,GLN,A,1187,220.875,291.14799999999997,225.79,1.01,0.0,C
775,ATOM,18625,CA,GLN,A,1188,219.071,289.39799999999997,228.558,1.01,0.0,C
776,ATOM,18642,CA,SER,A,1189,216.459,287.128,227.155,1.01,0.0,C
777,ATOM,18653,CA,PRO,A,1190,212.826,287.62,228.19299999999998,1.01,0.0,C
778,ATOM,18667,CA,TRP,A,1191,212.831,284.10400000000004,229.445,1.01,0.0,C
779,ATOM,18691,CA,LEU,A,1192,214.93099999999998,282.7,232.218,1.01,0.0,C
780,ATOM,18710,CA,LEU,A,1193,216.171,279.211,231.838,1.01,0.0,C
781,ATOM,18729,CA,ARG,A,1194,216.00900000000001,278.37,235.551,1.01,0.0,C
782,ATOM,18753,CA,LEU,A,1195,217.62099999999998,275.115,236.627,1.01,0.0,C
783,ATOM,18772,CA,GLU,A,1196,217.445,273.519,240.04,1.0,16.0,C
