Atom Type,Atom Number,Positional Label,Amino Acid,Chain,Residue Number,X-Coord,Y-Coord,Z-Coord,Occupancy,B-Factor,Element
 ATOM,5,CA,MET,A,1,42.107,4.178,-1.578,1.00,40.33,C
ATOM,13,CA,GLU,A,2,42.928,4.030,-5.330,0.51,43.01,C
ATOM,28,CA,ASN,A,3,39.758,1.850,-5.591,1.00,39.12,C
ATOM,36,CA,PHE,A,4,37.508,4.765,-4.437,1.00,31.88,C
ATOM,47,CA,GLN,A,5,36.438,7.915,-6.305,1.00,37.64,C
ATOM,56,CA,LYS,A,6,35.037,10.732,-4.119,1.00,34.78,C
ATOM,65,CA,VAL,A,7,31.704,12.082,-5.382,1.00,32.05,C
ATOM,72,CA,GLU,A,8,30.878,14.781,-2.754,1.00,32.99,C
ATOM,81,CA,LYS,A,9,31.227,15.610,0.974,1.00,31.58,C
ATOM,90,CA,ILE,A,10,28.143,14.487,2.937,1.00,26.21,C
ATOM,98,CA,GLY,A,11,29.195,15.030,6.569,1.00,31.97,C
ATOM,102,CA,GLU,A,12,31.685,16.049,9.255,1.00,50.66,C
ATOM,111,CA,GLY,A,13,31.660,14.096,12.520,1.00,60.35,C
ATOM,115,CA,THR,A,14,33.666,14.744,15.706,1.00,68.30,C
ATOM,122,CA,TYR,A,15,36.782,12.821,14.460,1.00,59.75,C
ATOM,127,CA,GLY,A,16,36.142,12.418,10.699,1.00,44.39,C
ATOM,131,CA,VAL,A,17,34.835,13.862,7.399,1.00,36.42,C
ATOM,138,CA,VAL,A,18,32.371,11.656,5.450,1.00,24.20,C
ATOM,145,CA,TYR,A,19,32.173,11.514,1.649,1.00,23.27,C
ATOM,157,CA,LYS,A,20,29.876,9.841,-0.834,1.00,19.67,C
ATOM,166,CA,ALA,A,21,32.275,7.745,-2.994,1.00,22.62,C
ATOM,171,CA,ARG,A,22,32.255,5.112,-5.728,1.00,27.06,C
ATOM,182,CA,ASN,A,23,33.972,1.709,-5.328,1.00,29.29,C
ATOM,190,CA,LYS,A,24,35.784,1.267,-8.671,1.00,40.69,C
ATOM,199,CA,LEU,A,25,36.065,-2.534,-8.228,1.00,49.09,C
ATOM,207,CA,THR,A,26,32.368,-3.307,-7.585,1.00,43.70,C
ATOM,214,CA,GLY,A,27,30.698,-0.118,-8.893,1.00,37.08,C
ATOM,218,CA,GLU,A,28,28.907,0.338,-5.554,0.56,30.99,C
ATOM,233,CA,VAL,A,29,28.346,3.772,-3.963,0.51,21.88,C
ATOM,244,CA,VAL,A,30,29.494,3.997,-0.308,1.00,19.73,C
ATOM,251,CA,ALA,A,31,29.900,6.459,2.545,1.00,20.88,C
ATOM,256,CA,LEU,A,32,33.636,6.896,3.242,0.61,22.74,C
ATOM,269,CA,LYS,A,33,34.717,8.245,6.667,1.00,25.37,C
ATOM,278,CA,LYS,A,34,38.251,9.646,6.684,1.00,31.61,C
ATOM,287,CA,ILE,A,35,39.904,9.936,10.134,1.00,38.93,C
ATOM,308,CA,PRO,A,45,46.485,2.970,17.903,1.00,50.46,C
ATOM,315,CA,SER,A,46,46.302,-0.851,17.570,1.00,47.20,C
ATOM,321,CA,THR,A,47,43.471,-1.244,20.171,1.00,43.31,C
ATOM,328,CA,ALA,A,48,41.330,1.045,17.928,1.00,41.44,C
ATOM,333,CA,ILE,A,49,41.918,-1.112,14.736,1.00,39.77,C
ATOM,341,CA,ARG,A,50,40.825,-4.278,16.677,1.00,35.35,C
ATOM,352,CA,GLU,A,51,37.728,-2.648,18.299,1.00,36.66,C
ATOM,361,CA,ILE,A,52,36.565,-1.052,14.978,1.00,34.11,C
ATOM,369,CA,SER,A,53,37.070,-4.453,13.219,1.00,34.48,C
ATOM,375,CA,LEU,A,54,34.749,-6.009,15.844,1.00,34.09,C
ATOM,383,CA,LEU,A,55,32.040,-3.527,14.660,1.00,29.44,C
ATOM,391,CA,LYS,A,56,32.196,-5.127,11.124,1.00,30.93,C
ATOM,400,CA,GLU,A,57,30.453,-8.216,12.686,0.53,32.35,C
ATOM,415,CA,LEU,A,58,27.669,-6.111,14.334,1.00,34.26,C
ATOM,423,CA,ASN,A,59,25.035,-6.568,11.571,1.00,30.20,C
ATOM,431,CA,HIS,A,60,21.309,-5.684,11.960,1.00,22.61,C
ATOM,441,CA,PRO,A,61,18.556,-4.213,9.689,1.00,24.77,C
ATOM,448,CA,ASN,A,62,18.604,-0.973,11.735,1.00,18.71,C
ATOM,456,CA,ILE,A,63,22.391,-0.571,11.747,1.00,18.57,C
ATOM,464,CA,VAL,A,64,24.314,0.995,8.785,1.00,15.82,C
ATOM,471,CA,LYS,A,65,26.652,-1.789,7.585,1.00,20.36,C
ATOM,480,CA,LEU,A,66,30.377,-1.199,8.203,1.00,24.32,C
ATOM,488,CA,LEU,A,67,31.750,-2.824,5.049,1.00,27.90,C
ATOM,496,CA,ASP,A,68,35.514,-2.324,5.565,1.00,32.32,C
ATOM,504,CA,VAL,A,69,38.248,-0.803,7.699,1.00,38.81,C
ATOM,511,CA,ILE,A,70,41.233,0.407,5.623,1.00,40.89,C
ATOM,519,CA,HIS,A,71,44.405,1.313,7.539,1.00,48.83,C
ATOM,529,CA,THR,A,72,46.937,3.033,5.205,1.00,57.23,C
ATOM,536,CA,GLU,A,73,49.365,6.062,5.331,1.00,62.90,C
ATOM,541,CA,ASN,A,74,48.615,7.715,8.786,0.61,58.31,C
ATOM,546,CA,LYS,A,75,44.841,7.751,7.971,1.00,47.43,C
ATOM,551,CA,LEU,A,76,42.003,5.444,8.912,1.00,38.96,C
ATOM,559,CA,TYR,A,77,39.158,4.936,6.416,1.00,30.32,C
ATOM,571,CA,LEU,A,78,35.789,3.449,7.389,0.54,26.58,C
ATOM,584,CA,VAL,A,79,33.664,2.225,4.431,1.00,23.70,C
ATOM,591,CA,PHE,A,80,29.914,2.168,5.117,1.00,18.47,C
ATOM,602,CA,GLU,A,81,26.966,1.184,3.013,1.00,22.48,C
ATOM,611,CA,PHE,A,82,25.359,4.317,1.540,1.00,19.40,C
ATOM,622,CA,LEU,A,83,21.872,5.469,2.605,1.00,18.76,C
ATOM,630,CA,HIS,A,84,20.091,8.154,0.674,0.70,21.47,C
ATOM,640,CA,GLN,A,85,19.288,10.750,3.304,1.00,18.92,C
ATOM,649,CA,ASP,A,86,19.924,11.583,6.974,1.00,15.37,C
ATOM,657,CA,LEU,A,87,17.108,12.282,9.485,1.00,16.53,C
ATOM,665,CA,LYS,A,88,18.372,15.877,9.819,1.00,18.66,C
ATOM,674,CA,LYS,A,89,17.619,16.659,6.107,0.55,18.39,C
ATOM,689,CA,PHE,A,90,14.246,14.833,6.385,1.00,18.09,C
ATOM,700,CA,MET,A,91,13.271,16.836,9.523,0.50,17.91,C
ATOM,713,CA,ASP,A,92,14.296,20.103,7.774,1.00,22.15,C
ATOM,721,CA,ALA,A,93,12.350,19.085,4.605,1.00,23.80,C
ATOM,726,CA,SER,A,94,9.297,18.271,6.814,1.00,23.35,C
ATOM,732,CA,ALA,A,95,9.529,21.564,8.908,1.00,30.03,C
ATOM,737,CA,LEU,A,96,6.333,23.120,7.451,1.00,33.02,C
ATOM,745,CA,THR,A,97,4.156,19.985,7.680,1.00,30.44,C
ATOM,752,CA,GLY,A,98,5.755,17.816,10.369,1.00,25.79,C
ATOM,756,CA,ILE,A,99,6.697,14.149,9.980,1.00,21.87,C
ATOM,764,CA,PRO,A,100,3.448,12.111,10.209,1.00,23.27,C
ATOM,771,CA,LEU,A,101,3.054,10.602,13.688,1.00,22.42,C
ATOM,779,CA,PRO,A,102,2.850,6.971,12.286,1.00,19.75,C
ATOM,786,CA,LEU,A,103,6.247,7.533,10.608,1.00,17.33,C
ATOM,794,CA,ILE,A,104,7.755,9.028,13.819,1.00,14.81,C
ATOM,802,CA,LYS,A,105,6.497,5.932,15.713,1.00,16.05,C
ATOM,811,CA,SER,A,106,7.948,3.566,13.063,1.00,14.92,C
ATOM,817,CA,TYR,A,107,11.351,5.319,13.149,1.00,14.46,C
ATOM,829,CA,LEU,A,108,11.489,5.316,16.985,1.00,13.26,C
ATOM,837,CA,PHE,A,109,10.483,1.564,17.062,1.00,14.51,C
ATOM,848,CA,GLN,A,110,13.168,0.653,14.505,1.00,13.91,C
ATOM,857,CA,LEU,A,111,15.872,2.679,16.278,1.00,14.41,C
ATOM,865,CA,LEU,A,112,14.933,0.962,19.600,1.00,15.69,C
ATOM,873,CA,GLN,A,113,15.301,-2.388,17.788,1.00,15.67,C
ATOM,882,CA,GLY,A,114,18.780,-1.348,16.610,1.00,16.39,C
ATOM,886,CA,LEU,A,115,19.787,-0.150,20.099,1.00,16.17,C
ATOM,894,CA,ALA,A,116,18.412,-3.302,21.805,1.00,16.99,C
ATOM,899,CA,PHE,A,117,20.572,-5.352,19.419,1.00,18.34,C
ATOM,910,CA,CYS,A,118,23.841,-3.352,19.893,0.61,18.93,C
ATOM,919,CA,HIS,A,119,23.273,-3.007,23.648,1.00,17.02,C
ATOM,929,CA,SER,A,120,22.789,-6.835,23.896,1.00,20.66,C
ATOM,935,CA,HIS,A,121,26.324,-7.123,22.401,1.00,25.17,C
ATOM,945,CA,ARG,A,122,27.590,-4.444,24.941,1.00,25.60,C
ATOM,956,CA,VAL,A,123,28.099,-1.957,22.083,1.00,23.51,C
ATOM,963,CA,LEU,A,124,27.154,1.659,22.787,1.00,19.97,C
ATOM,971,CA,HIS,A,125,26.702,4.388,20.204,1.00,17.74,C
ATOM,981,CA,ARG,A,126,27.498,7.316,22.653,1.00,17.08,C
ATOM,992,CA,ASP,A,127,26.793,10.093,20.111,1.00,17.11,C
ATOM,1000,CA,LEU,A,128,23.346,9.677,18.558,1.00,16.34,C
ATOM,1008,CA,LYS,A,129,22.084,12.685,16.613,1.00,16.24,C
ATOM,1017,CA,PRO,A,130,19.895,13.313,13.536,1.00,14.82,C
ATOM,1024,CA,GLN,A,131,23.065,13.471,11.328,1.00,16.57,C
ATOM,1033,CA,ASN,A,132,23.934,9.820,12.108,1.00,16.02,C
ATOM,1041,CA,LEU,A,133,20.394,8.394,11.727,1.00,15.17,C
ATOM,1049,CA,LEU,A,134,20.041,7.396,8.079,1.00,15.65,C
ATOM,1057,CA,ILE,A,135,16.900,6.700,6.099,1.00,14.86,C
ATOM,1065,CA,ASN,A,136,15.977,5.000,2.838,1.00,16.13,C
ATOM,1073,CA,THR,A,137,12.990,5.143,0.475,1.00,18.34,C
ATOM,1080,CA,GLU,A,138,11.453,1.899,1.870,0.50,23.99,C
ATOM,1095,CA,GLY,A,139,10.709,3.332,5.321,1.00,17.07,C
ATOM,1099,CA,ALA,A,140,13.793,2.002,7.149,1.00,17.73,C
ATOM,1104,CA,ILE,A,141,15.955,4.051,9.493,1.00,14.17,C
ATOM,1112,CA,LYS,A,142,19.393,2.967,10.657,1.00,14.03,C
ATOM,1121,CA,LEU,A,143,22.005,3.862,13.293,1.00,16.79,C
ATOM,1129,CA,ALA,A,144,25.408,4.814,11.940,1.00,18.87,C
ATOM,1134,CA,ASP,A,145,28.983,5.045,13.155,1.00,23.57,C
ATOM,1142,CA,PHE,A,146,29.212,3.629,16.665,1.00,26.79,C
ATOM,1153,CA,GLY,A,147,31.805,5.291,18.885,1.00,30.76,C
ATOM,1157,CA,LEU,A,148,34.457,3.700,21.076,1.00,35.64,C
ATOM,1165,CA,ALA,A,149,34.969,4.423,24.785,1.00,42.13,C
ATOM,1170,CA,ARG,A,150,38.463,5.762,23.850,1.00,49.72,C
ATOM,1175,CA,ALA,A,151,38.551,8.613,21.256,1.00,52.84,C
ATOM,1180,CA,PHE,A,152,41.465,8.977,18.742,1.00,51.11,C
ATOM,1279,CA,VAL,A,164,30.510,19.478,18.576,1.00,34.31,C
ATOM,1286,CA,THR,A,165,26.703,19.303,19.168,0.52,26.07,C
ATOM,1297,CA,LEU,A,166,25.838,18.772,22.861,1.00,18.78,C
ATOM,1305,CA,TRP,A,167,22.046,18.721,22.376,1.00,16.44,C
ATOM,1319,CA,TYR,A,168,21.571,14.960,22.773,1.00,13.26,C
ATOM,1331,CA,ARG,A,169,24.109,14.407,25.578,1.00,15.63,C
ATOM,1342,CA,ALA,A,170,22.897,12.425,28.631,1.00,14.88,C
ATOM,1347,CA,PRO,A,171,23.091,14.327,31.983,1.00,14.17,C
ATOM,1354,CA,GLU,A,172,25.416,11.719,33.540,1.00,15.31,C
ATOM,1363,CA,ILE,A,173,27.980,12.519,30.791,1.00,15.95,C
ATOM,1371,CA,LEU,A,174,27.609,16.282,31.377,1.00,17.68,C
ATOM,1379,CA,LEU,A,175,28.017,15.700,35.160,1.00,19.31,C
ATOM,1387,CA,GLY,A,176,31.327,13.847,34.612,1.00,23.54,C
ATOM,1391,CA,CYS,A,177,30.507,10.122,34.735,1.00,26.60,C
ATOM,1397,CA,LYS,A,178,33.327,8.416,32.767,1.00,28.84,C
ATOM,1402,CA,TYR,A,179,31.857,4.864,33.271,1.00,29.47,C
ATOM,1414,CA,TYR,A,180,28.447,5.444,31.783,1.00,24.03,C
ATOM,1426,CA,SER,A,181,25.991,2.831,30.514,1.00,18.72,C
ATOM,1432,CA,THR,A,182,23.807,1.962,27.520,1.00,15.15,C
ATOM,1439,CA,ALA,A,183,21.244,4.406,29.073,1.00,14.76,C
ATOM,1444,CA,VAL,A,184,23.144,7.314,27.423,1.00,13.76,C
ATOM,1451,CA,ASP,A,185,21.799,6.184,24.010,1.00,12.63,C
ATOM,1459,CA,ILE,A,186,18.221,5.944,25.268,1.00,10.92,C
ATOM,1467,CA,TRP,A,187,18.503,9.595,26.505,1.00,13.54,C
ATOM,1481,CA,SER,A,188,19.784,10.761,23.090,1.00,10.43,C
ATOM,1487,CA,LEU,A,189,17.013,8.863,21.299,1.00,13.21,C
ATOM,1495,CA,GLY,A,190,14.391,10.405,23.623,1.00,14.26,C
ATOM,1499,CA,CYS,A,191,15.699,13.896,22.709,1.00,12.83,C
ATOM,1505,CA,ILE,A,192,15.483,13.028,18.968,1.00,12.94,C
ATOM,1513,CA,PHE,A,193,11.923,11.604,19.385,1.00,13.97,C
ATOM,1524,CA,ALA,A,194,10.789,14.901,21.040,1.00,12.85,C
ATOM,1529,CA,GLU,A,195,12.426,16.918,18.210,1.00,14.52,C
ATOM,1538,CA,MET,A,196,10.598,14.831,15.492,1.00,13.88,C
ATOM,1546,CA,VAL,A,197,7.275,15.483,17.259,1.00,14.33,C
ATOM,1553,CA,THR,A,198,7.649,19.221,18.014,1.00,16.39,C
ATOM,1560,CA,ARG,A,199,9.947,20.296,15.122,1.00,18.82,C
ATOM,1571,CA,ARG,A,200,12.267,22.038,17.648,1.00,22.74,C
ATOM,1582,CA,ALA,A,201,15.302,20.597,19.432,1.00,19.37,C
ATOM,1587,CA,LEU,A,202,14.394,19.710,23.012,1.00,17.13,C
ATOM,1595,CA,PHE,A,203,17.618,20.961,24.694,1.00,17.44,C
ATOM,1606,CA,PRO,A,204,19.626,23.109,22.234,1.00,21.11,C
ATOM,1613,CA,GLY,A,205,22.527,24.054,24.543,1.00,22.75,C
ATOM,1617,CA,ASP,A,206,25.572,25.877,23.152,0.68,26.08,C
ATOM,1630,CA,SER,A,207,27.940,25.023,26.073,1.00,26.51,C
ATOM,1636,CA,GLU,A,208,28.171,22.219,28.615,1.00,24.58,C
ATOM,1645,CA,ILE,A,209,26.636,24.359,31.401,1.00,21.92,C
ATOM,1653,CA,ASP,A,210,23.927,25.797,29.102,1.00,20.90,C
ATOM,1661,CA,GLN,A,211,23.109,22.213,28.053,1.00,17.15,C
ATOM,1670,CA,LEU,A,212,22.851,21.028,31.647,1.00,17.78,C
ATOM,1678,CA,PHE,A,213,20.820,24.057,32.790,1.00,17.71,C
ATOM,1689,CA,ARG,A,214,18.430,23.672,29.785,1.00,17.34,C
ATOM,1700,CA,ILE,A,215,17.818,20.063,30.964,1.00,14.63,C
ATOM,1708,CA,PHE,A,216,17.294,21.271,34.570,1.00,15.85,C
ATOM,1719,CA,ARG,A,217,14.882,24.052,33.548,1.00,19.96,C
ATOM,1730,CA,THR,A,218,12.578,21.492,31.873,1.00,20.34,C
ATOM,1737,CA,LEU,A,219,12.981,18.312,33.964,1.00,18.24,C
ATOM,1745,CA,GLY,A,220,13.794,20.044,37.309,1.00,17.81,C
ATOM,1749,CA,THR,A,221,17.207,20.275,38.985,1.00,16.35,C
ATOM,1756,CA,PRO,A,222,18.048,16.688,40.009,1.00,18.28,C
ATOM,1763,CA,ASP,A,223,18.535,15.856,43.674,1.00,21.44,C
ATOM,1771,CA,GLU,A,224,19.155,12.743,45.767,1.00,19.60,C
ATOM,1780,CA,VAL,A,225,15.428,11.965,45.815,1.00,20.46,C
ATOM,1787,CA,VAL,A,226,15.110,11.498,42.033,1.00,19.28,C
ATOM,1794,CA,TRP,A,227,18.722,10.526,41.348,1.00,18.80,C
ATOM,1808,CA,PRO,A,228,20.546,8.784,44.291,1.00,23.31,C
ATOM,1815,CA,GLY,A,229,24.238,9.721,44.178,1.00,24.46,C
ATOM,1819,CA,VAL,A,230,23.796,12.735,41.823,1.00,19.19,C
ATOM,1826,CA,THR,A,231,25.248,15.180,44.446,1.00,21.01,C
ATOM,1833,CA,SER,A,232,28.493,13.194,44.601,1.00,26.25,C
ATOM,1839,CA,MET,A,233,29.060,13.227,40.762,0.70,21.69,C
ATOM,1852,CA,PRO,A,234,32.367,14.812,39.611,1.00,23.77,C
ATOM,1859,CA,ASP,A,235,30.952,17.972,38.040,1.00,22.93,C
ATOM,1867,CA,TYR,A,236,27.955,18.382,40.334,1.00,21.81,C
ATOM,1879,CA,LYS,A,237,27.926,21.709,42.212,1.00,22.45,C
ATOM,1888,CA,PRO,A,238,25.624,22.398,45.225,1.00,23.39,C
ATOM,1895,CA,SER,A,239,25.510,25.969,43.791,1.00,20.64,C
ATOM,1901,CA,PHE,A,240,23.406,24.757,40.785,1.00,19.96,C
ATOM,1912,CA,PRO,A,241,20.161,26.771,40.648,1.00,24.17,C
ATOM,1919,CA,LYS,A,242,17.087,24.876,41.799,1.00,27.73,C
ATOM,1928,CA,TRP,A,243,14.455,24.757,39.057,1.00,26.50,C
ATOM,1942,CA,ALA,A,244,11.049,23.104,39.419,1.00,30.82,C
ATOM,1947,CA,ARG,A,245,10.080,20.385,36.897,1.00,29.53,C
ATOM,1958,CA,GLN,A,246,7.657,21.168,33.919,0.58,31.93,C
ATOM,1973,CA,ASP,A,247,4.729,18.988,32.622,1.00,31.51,C
ATOM,1978,CA,PHE,A,248,5.305,16.857,29.481,1.00,29.72,C
ATOM,1989,CA,SER,A,249,1.945,18.084,28.221,1.00,30.86,C
ATOM,1995,CA,LYS,A,250,3.854,21.415,27.768,1.00,27.85,C
ATOM,2004,CA,VAL,A,251,7.091,19.813,26.430,1.00,27.68,C
ATOM,2011,CA,VAL,A,252,5.785,17.602,23.557,1.00,27.40,C
ATOM,2018,CA,PRO,A,253,2.257,18.631,22.364,1.00,27.32,C
ATOM,2025,CA,PRO,A,254,0.554,16.933,20.323,1.00,34.70,C
ATOM,2032,CA,LEU,A,255,2.003,13.645,21.527,1.00,27.15,C
ATOM,2040,CA,ASP,A,256,-0.607,11.309,23.121,1.00,24.30,C
ATOM,2048,CA,GLU,A,257,-0.324,9.980,26.687,1.00,20.79,C
ATOM,2057,CA,ASP,A,258,1.423,6.707,25.620,1.00,18.56,C
ATOM,2065,CA,GLY,A,259,4.126,8.669,23.758,1.00,17.20,C
ATOM,2069,CA,ARG,A,260,4.503,11.180,26.630,1.00,18.10,C
ATOM,2080,CA,SER,A,261,4.823,8.323,29.202,0.51,16.59,C
ATOM,2089,CA,LEU,A,262,7.449,6.545,27.033,1.00,15.06,C
ATOM,2097,CA,LEU,A,263,9.387,9.808,26.533,1.00,14.22,C
ATOM,2105,CA,SER,A,264,9.358,10.501,30.308,1.00,13.84,C
ATOM,2111,CA,GLN,A,265,10.844,6.979,30.890,1.00,14.95,C
ATOM,2120,CA,MET,A,266,13.541,7.635,28.243,1.00,13.10,C
ATOM,2128,CA,LEU,A,267,14.425,10.927,29.997,1.00,14.97,C
ATOM,2136,CA,HIS,A,268,14.647,9.706,33.615,1.00,16.33,C
ATOM,2146,CA,TYR,A,269,17.631,11.331,35.311,1.00,14.44,C
ATOM,2158,CA,ASP,A,270,18.836,8.142,37.058,1.00,16.71,C
ATOM,2166,CA,PRO,A,271,20.394,5.932,34.330,1.00,17.84,C
ATOM,2173,CA,ASN,A,272,19.282,2.913,36.398,1.00,20.44,C
ATOM,2181,CA,LYS,A,273,15.602,4.133,36.266,1.00,19.13,C
ATOM,2190,CA,ARG,A,274,15.805,5.052,32.505,1.00,15.54,C
ATOM,2201,CA,ILE,A,275,13.913,2.541,30.336,1.00,14.98,C
ATOM,2209,CA,SER,A,276,16.026,0.018,28.365,1.00,16.25,C
ATOM,2215,CA,ALA,A,277,15.629,-0.326,24.558,1.00,14.51,C
ATOM,2220,CA,LYS,A,278,14.269,-3.885,25.067,1.00,17.71,C
ATOM,2229,CA,ALA,A,279,11.612,-2.738,27.605,1.00,19.90,C
ATOM,2234,CA,ALA,A,280,10.712,0.274,25.390,1.00,18.00,C
ATOM,2239,CA,LEU,A,281,9.841,-2.114,22.511,1.00,20.06,C
ATOM,2247,CA,ALA,A,282,7.064,-3.578,24.750,1.00,22.10,C
ATOM,2252,CA,HIS,A,283,5.623,-0.117,25.594,1.00,18.75,C
ATOM,2262,CA,PRO,A,284,1.882,0.417,24.779,1.00,19.88,C
ATOM,2269,CA,PHE,A,285,2.906,3.324,22.488,1.00,17.66,C
ATOM,2280,CA,PHE,A,286,3.926,0.667,19.927,1.00,16.95,C
ATOM,2291,CA,GLN,A,287,0.643,-1.334,20.043,0.51,23.70,C
ATOM,2306,CA,ASP,A,288,-0.412,0.186,16.670,1.00,24.61,C
ATOM,2314,CA,VAL,A,289,3.058,0.587,15.055,1.00,19.63,C
ATOM,2321,CA,THR,A,290,3.207,0.300,11.244,1.00,19.16,C
ATOM,2328,CA,LYS,A,291,5.928,0.840,8.597,1.00,19.60,C
ATOM,2337,CA,PRO,A,292,4.903,3.862,6.413,1.00,20.47,C
ATOM,2344,CA,VAL,A,293,6.763,5.143,3.312,1.00,24.35,C
ATOM,2351,CA,PRO,A,294,8.427,8.606,3.715,1.00,22.73,C
ATOM,2358,CA,HIS,A,295,8.103,11.183,0.965,1.00,33.75,C
ATOM,2363,CA,LEU,A,296,11.799,11.628,0.078,1.00,28.83,C
